
> erl2-workspace@0.1.0 test
> npm run build && node --test --test-reporter=spec "tests/dist/**/*.test.js" "packages/*/dist/test/**/*.test.js"


> erl2-workspace@0.1.0 build
> node scripts/build.mjs

build ok
✔ age: round-trips for a single recipient (5.449792ms)
✔ age: every named recipient can open the same file, others cannot (1.584667ms)
✔ age: a mutated header or payload fails to open (0.76775ms)
✔ age: an empty plaintext round-trips (1.055083ms)
✔ age: a payload spanning several STREAM chunks round-trips (0.929458ms)
✔ APPLICABILITY: a correctly formed run of each mode still builds validity (8.983208ms)
✔ APPLICABILITY: an external run emitting the gate twice is refused where validity is built (0.325708ms)
✔ APPLICABILITY: an external gate citing only the manifest is refused where validity is built (0.099083ms)
✔ APPLICABILITY: an external gate citing the bootstrap/prior receipt is refused where validity is built (0.09075ms)
✔ APPLICABILITY: a fake-port run emitting the gate is refused where validity is built (0.079708ms)
✔ APPLICABILITY: each refusal is uniquely applicability's, not another guard firing first (0.175625ms)
✔ EVIDENCE-RETENTION: a hosted adapter's output and host records are retained and resolvable (456.128667ms)
✔ EVIDENCE-RETENTION: a judge canary in real hosted-adapter output refuses the operation (103.889959ms)
✔ EVIDENCE-RETENTION: a dispatch after the final output freeze is refused through the port (430.499584ms)
✔ EVIDENCE-RETENTION: a hosted terminal retains the subject's output and verifies offline (205.630333ms)
✔ EVIDENCE-RETENTION: removing a retained external output makes offline verification fail (831.174ms)
✔ EVIDENCE-RETENTION: altering a retained external output makes offline verification fail (724.916084ms)
✔ EVIDENCE-RETENTION: an unreferenced retained output makes offline verification fail (817.767208ms)
✔ EVIDENCE-RETENTION: the host's adjudication records are closure-reachable in a terminal (7.339291ms)
✔ ADAPTER-CERT: a protocol version mismatch is refused before any operation runs (226.187083ms)
✔ ADAPTER-CERT: an adapter whose running identity differs from its manifest is refused (122.9105ms)
✔ ADAPTER-CERT: an unknown frame kind is a protocol failure, not an instruction (126.630625ms)
✔ ADAPTER-CERT: an adapter that crashes before responding is a typed adapter crash (115.194916ms)
✔ CRASH-MATRIX: a crash after an external mutation leaves the mutation observable for resume (128.136208ms)
✔ ADAPTER-CERT: an adapter that never responds is terminated with its whole process tree (1586.6255ms)
✔ LIMIT-MATRIX: an oversized response is refused before it is parsed (108.516625ms)
✔ LIMIT-MATRIX: output beyond the declared bound is refused by the host itself (138.4275ms)
✔ MOUNT-NET-NEG: writing into a read-only mount is detected and refused (181.145708ms)
✔ COMPENSATION: a succeeded mutation with no compensation receipt is refused (139.799417ms)
✔ COMPENSATION: a compensation naming a different mutation is refused (110.043625ms)
✔ COMPENSATION: a mutation outside the permitted roots is refused (116.518792ms)
✔ SECRET-CANARY: a judge canary in diagnostics invalidates before subject attribution (135.545375ms)
✔ SECRET-CANARY: a secret canary in retained output is refused by the host itself (143.473833ms)
✔ PATH-FUZZ: a symlink in adapter output is refused by the host itself (122.529625ms)
✔ PATH-FUZZ: a traversal write never enters the admitted output tree (272.843583ms)
✔ PATH-FUZZ: a hard-linked output entry is refused (0.808583ms)
✔ SSRF-SUITE: the metadata service is denied whatever the allowlist says (122.817209ms)
✔ SSRF-SUITE: a redirect to an unallowlisted host is denied (103.836458ms)
✔ SSRF-SUITE: DNS rebinding onto a private address is denied (0.165833ms)
✔ SECRET-CANARY: an over-broad credential scope is narrowed and its use denied (138.587709ms)
✔ SECRET-CANARY: replaying a credential handle past its use cap is denied (154.232541ms)
✔ SECRET-CANARY: an expired or cross-run handle use is denied (0.311208ms)
✔ PRIV-BROKER: every privileged capability is refused while ERL2-OQ-001 is open (0.237292ms)
✔ PRIV-BROKER: an adapter declaring a privileged capability cannot even be hosted (3.902417ms)
✔ MOUNT-NET-NEG: the Docker socket, host home and Lab authorities cannot be mounted (0.218709ms)
✔ ADAPTER-CERT: a response the adapter blames on the Lab is rejected by the closed envelope (104.555959ms)
✔ ADAPTER-CERT: a response missing a required array yields a typed refusal, not an untyped crash (P2-6) (116.751166ms)
✔ UNSUPPORTED-HONESTY: claiming success for an undeclared package kind is caught by certification (1444.697875ms)
✔ FAILURE-FIXTURES: a genuinely broken installer is the only case attributed to the subject (342.810875ms)
✔ REVEAL-REFUSAL: no adapter operation may run after subject output freezes (10.298458ms)
✔ REQUEST-ANCESTRY: a later-phase ancestor in an acquisition request is refused (1.904542ms)
✔ TRANSLATION: omission, duplication, invention and reasonless loss are all refused (0.253542ms)
✔ COMPENSATION: an undeclared mutation and an unreconciled one are both refused (1.994084ms)
✔ ADAPTER-CERT: the container sandbox profile is disabled, not silently downgraded (0.112917ms)
✔ JOURNEY-ORACLE-CANARY: a canary in a mount is refused before the adapter sees it (74.804583ms)
✔ JOURNEY-ORACLE-CANARY: a prefilled output directory is refused (24.151417ms)
✔ MOUNT-NET-NEG: the adapter environment is deny-by-default (0.425ms)
✔ RESIDUE: the correct reference adapter leaves no residue outside its run-scoped workspace (465.97425ms)
✔ RESIDUE: every sabotage fixture is exercised by this suite (2.815792ms)
✔ MODE-FROZEN: a fake preregistration refuses a later real adapter and a later receipt (9291.368541ms)
✔ MODE-FROZEN: a real preregistration requires a receipt and freezes the exact one (5318.211417ms)
✔ MODE-FROZEN: a second valid receipt cannot replace the frozen one (2729.578541ms)
✔ MODE-FROZEN: mode and receipt survive a new process, replay and a dropped snapshot (4169.749167ms)
✔ PRE-HOST: an unadmitted certification never reaches the adapter host (2543.977791ms)
✔ PRE-HOST: an uncertified receipt cannot construct the host at preregistration (2045.273417ms)
✔ FAILURE-EVIDENCE: an adapter failure cites the frozen current receipt, not the bootstrap sentinel (3086.176708ms)
✔ PER-DISPATCH: deterministic replacement at the same path is refused before it executes (333.126167ms)
✔ PER-DISPATCH: retargeting a symlinked entry is refused before it executes (311.630125ms)
✔ ATTR-TELEM: parsing the excerpt reproduces the counts of the full log (1.570625ms)
✔ ATTR-TELEM: excerpting preserves which batch a marked record falls under (3.056959ms)
✔ ATTR-TELEM: the window decision is the single condition, and it fails closed (1.704959ms)
✔ ATTR-PARSE: only a whole console record the collector framed states a span count (1.647541ms)
✔ ATTR-PARSE: a record shaped like a summary and unreadable as one is malformed, never a zero (0.211541ms)
✔ ATTR-PARSE: a payload line shaped like a record boundary makes the window ambiguous (0.087708ms)
✔ ATTR-PARSE: the reviewed exploit cannot restore a count to a rotated window (0.119958ms)
✔ ATTR-TELEM: window completeness is a line prefix, because a payload can contain anything (0.6965ms)
✔ ATTR-TELEM: two markers on one line count as two run-attributed records (0.380667ms)
✔ ATTR-TELEM: service names are deduplicated and sorted (1.049125ms)
✔ ATTR-TELEM-CONTRACT: a valid observed record and a valid absent record both validate (11.37525ms)
✔ ATTR-TELEM-CONTRACT: an absent record cannot carry a count, an excerpt or a collector (0.586458ms)
✔ ATTR-TELEM-CONTRACT: an observed record without its excerpt, or over an unverified collector, is unrepresentable (0.401ms)
✔ ATTR-TELEM: the declaration predicate needs the driver, the source and the exercising step together (0.0655ms)
✔ ATTR-TELEM: an undeclared run passes the gate with no observation at all (0.040792ms)
✔ ATTR-TELEM: a declared run with no observation fails the gate (0.078542ms)
✔ ATTR-TELEM: a declared run with an absent observation fails the gate (0.061875ms)
✔ ATTR-TELEM: a declared run with zero run-attributed records fails the gate (0.067333ms)
✔ ATTR-TELEM: another run's observation, a foreign marker, or a second observation fails the gate (0.153167ms)
✔ ATTR-TELEM: the fake driver does not offer the capability (0.035958ms)
✔ ATTR-TELEM-VERIFY: even a consistent v1 observation cannot authorize a declared run (5.38275ms)
✔ ATTR-TELEM-VERIFY: a declared run that retains no observation is refused (1.303709ms)
✔ ATTR-TELEM-VERIFY: an undeclared run with no observation derives nothing and refuses nothing (4.27625ms)
✔ ATTR-TELEM-VERIFY: an absent observation where declared is refused (1.851625ms)
✔ ATTR-TELEM-VERIFY: a declared observation with zero run-attributed records is refused (2.559709ms)
✔ ATTR-TELEM-VERIFY: every v1 shape is refused identically, coherent or not (12.473209ms)
✔ ATTR-TELEM-VERIFY: another run's observation, a foreign marker, or a wrong producing event is refused (4.559542ms)
✔ ATTR-TELEM-VERIFY: a second retained observation is refused rather than silently ignored (3.196167ms)
✔ ATTR-TELEM-VERIFY: an ambiguous driver manifest or archetype is refused before anything is derived (2.104125ms)
✔ TRUSTED-VERIFY: a coherent v2 observation derives observed and attributed (14.450917ms)
✔ TRUSTED-VERIFY: a multi-record v2 observation recomputes every count from its bytes (1.5685ms)
✔ TRUSTED-VERIFY: an authentic zero verifies where undeclared and is refused where declared (2.437583ms)
✔ TRUSTED-VERIFY: the verifier reads the bytes rather than the claim (16.936625ms)
✔ ATTR-TELEM-RETAIN: ordinary collector material still freezes as observed, and still cannot authorize (22.812875ms)
✔ ATTR-TELEM-RETAIN: a re-entered retention reads what it wrote instead of observing again (16.848292ms)
✔ ATTR-TELEM-RETAIN: an excerpt past the retention bound demotes rather than truncating (30.44275ms)
✔ ATTR-TELEM-RETAIN: an excerpt the canonicalizer refuses demotes rather than throwing (22.130667ms)
✔ ATTR-TELEM-RETAIN: more distinct service names than the contract retains demotes (22.015708ms)
✔ ATTR-TELEM-RETAIN: a service name past the contract's length bound demotes (20.281917ms)
✔ ATTR-TELEM-RETAIN: a service name the canonicalizer refuses demotes (29.622792ms)
✔ ATTR-TELEM-RETAIN: a digit run too long to represent never becomes a count (0.278ms)
✔ ATTR-TELEM-RETAIN: a count outside the contract's range demotes (24.4075ms)
✔ ATTR-TELEM-RETAIN: a collector service id the contract refuses demotes (18.843541ms)
✔ ATTR-TELEM-RETAIN: more observed repo digests than the contract retains demotes (48.105542ms)
✔ ATTR-TELEM-RETAIN: a collector identity string past its bound demotes (46.984041ms)
✔ ATTR-TELEM-RETAIN: a collector identity string the canonicalizer refuses demotes (39.793667ms)
✔ ATTR-TELEM-RETAIN: a driver's own absent material is retained with the driver's reason (35.197166ms)
✔ ATTR-TELEM-RETAIN: a retention failure nothing anticipated still leaves as a routable teardown failure (12.039834ms)
✔ ATTR-TELEM-RETAIN: a demoted observation is refused offline, not quietly accepted (87.93275ms)
✔ ATTR-TELEM-E2E: a fake-driver run declares nothing, retains nothing, and still verifies offline (38252.001959ms)
✔ CLAIM-SCOPE: with no flag, an environment run derives T1 from its own evidence (36484.919208ms)
✔ CLAIM-SCOPE: T2 and T3 are typed refusals naming what holds the ceiling down (39281.051041ms)
✔ CLAIM-SCOPE: T1 is accepted, and an out-of-range or T4 request is a typed refusal (61054.517292ms)
✔ CLAIM-SCOPE: the pre-environment terminal cannot be operator-upgraded either (6348.653959ms)
✔ CLAIM-SCOPE: a direct library caller derives the same ceiling and cannot exceed it (33069.468083ms)
✔ CLAIM-SCOPE: every component that holds this run at T1 does so independently (32026.403291ms)
✔ CLAIM-SCOPE: the rule is a minimum, and no component can raise another (0.64975ms)
✔ CLAIM-SCOPE: the offline verifier rejects a self-consistent T3 bundle, for exceeding the ceiling (34220.689ms)
✔ COMPENSATION-ADV: a receipt reading `succeeded` over a mutation that is still applied is refused (33403.924875ms)
✔ COMPENSATION-ADV: the refused run reaches the authorized invalid terminal, and it verifies (38390.128458ms)
✔ COMPENSATION-ADV: a compensation that reverts unrelated state is refused too (27449.243ms)
✔ COMPENSATION-ADV: a genuine compensation passes, freezes its probe, and verifies offline (28825.586834ms)
✔ COMPENSATION-ADV: the verifier refuses every way a probe can be about something else (30499.651916ms)
✔ COMPENSATION-ADV: a terminal that omits the observation entirely is refused (30743.518416ms)
✔ COMPENSATION-ADV: `reverted nothing` and `had nothing to revert` are different answers (0.655542ms)
✔ COMPENSATION-ADV: a resumed compensation that already ran is not mistaken for a no-op (0.071417ms)
✔ COMPOSE-CLI-ADV: an unqualified lock refuses before any substrate is reached (9834.279417ms)
✔ COMPOSE-CLI-ADV: a lock whose signature does not verify cannot license a run (3772.921416ms)
✔ COMPOSE-CLI-ADV: a lock whose recorded core hash is not its own is refused (3403.747875ms)
✔ COMPOSE-CLI-ADV: a driver name that is not a driver is refused (3240.70175ms)
✔ COMPOSE-CLI-ADV: a fake-driver failpoint cannot steer the Compose driver (2703.937208ms)
✔ COMPOSE-CLI-ADV: a bound driver may not be substituted by a later command (3252.645875ms)
✔ COMPOSE-CLI-ADV: the default driver is still the fake one (3040.497375ms)
✔ COMPOSE-EGRESS-ADV: a record naming an arbitrary public host is refused (22.461417ms)
✔ COMPOSE-EGRESS-ADV: a record naming a non-canonical loopback spelling is refused (93.710125ms)
✔ COMPOSE-EGRESS-ADV: a record naming a different run is refused (21.996792ms)
✔ COMPOSE-EGRESS-ADV: a record naming a different substrate is refused (12.095292ms)
✔ COMPOSE-EGRESS-ADV: a record naming a different service is refused (13.955542ms)
✔ COMPOSE-EGRESS-ADV: a record naming a different container is refused (46.734333ms)
✔ COMPOSE-EGRESS-ADV: a malformed or out-of-range port is refused (143.043416ms)
✔ COMPOSE-EGRESS-ADV: a record missing a required field is refused (79.185625ms)
✔ COMPOSE-EGRESS-ADV: a well-formed record over a verified live container grants the endpoint (0.794917ms)
✔ COMPOSE-EGRESS-ADV: a record whose container no longer exists grants nothing (23.243333ms)
✔ COMPOSE-EGRESS-ADV: a stale record surviving teardown grants nothing (7.956459ms)
✔ COMPOSE-EGRESS-ADV: a live container missing or misvaluing an ownership label grants nothing (76.404541ms)
✔ COMPOSE-EGRESS-ADV: a container that is not running grants nothing (67.757ms)
✔ COMPOSE-EGRESS-ADV: a container now publishing a different port grants nothing (9.568375ms)
✔ COMPOSE-EGRESS-ADV: a container publishing nothing grants nothing (16.03175ms)
✔ COMPOSE-EGRESS-ADV: the recorded port published from the WRONG container port grants nothing (46.632291ms)
✔ COMPOSE-EGRESS-ADV: a binding on any interface but 127.0.0.1 grants nothing (61.674292ms)
✔ COMPOSE-EGRESS-ADV: an unrelated published binding does not stand in for the endpoint's (8.1ms)
✔ COMPOSE-EGRESS-ADV: the canonical binding — 8090/tcp on 127.0.0.1 at the recorded port — grants it (7.93975ms)
✔ COMPOSE-EGRESS-ADV: the exact expected container running a substituted image grants nothing (19.790875ms)
✔ COMPOSE-EGRESS-ADV: an unresolvable pinned image grants nothing (20.206417ms)
✔ COMPOSE-EGRESS-ADV: image id and repository digest disagreeing grants nothing (37.684042ms)
✔ COMPOSE-EGRESS-ADV: the exact locked image and endpoint mapping succeeds (8.306458ms)
✔ COMPOSE-EGRESS-ADV: a foreign container that took over the port grants nothing (17.665375ms)
✔ COMPOSE-EGRESS-ADV: no record at all grants nothing, and is not an error (7.759125ms)
✔ COMPOSE-EGRESS-ADV: an unreadable record is a refusal, not an absence (24.100417ms)
✔ COMPOSE-EGRESS-ADV: loopbackEgressPolicy refuses any host but 127.0.0.1 (0.196791ms)
✔ COMPOSE-EGRESS-ADV: loopbackEgressPolicy refuses a port that is not a host port (0.118625ms)
✔ COMPOSE-EGRESS-ADV: the granted policy is still one scheme, one host, one port (3.124625ms)
✔ COMPOSE-ADV: an unqualified lock never reaches a substrate (68.444833ms)
✔ COMPOSE-ADV: a lock whose amd64 slot holds an arm64 manifest is refused (68.54325ms)
✔ COMPOSE-ADV: a lock pinning an EXTRA service is refused (86.10525ms)
✔ COMPOSE-ADV: a lock MISSING one of the subset's images is refused (90.027625ms)
✔ COMPOSE-ADV: a changed applied configuration file is refused before provisioning (50.14275ms)
✔ COMPOSE-ADV: every discovery is an exact run-scoped name or label value (67.951709ms)
✔ COMPOSE-ADV: a broad cleanup selector is refused by construction (0.114791ms)
✔ COMPOSE-ADV: a foreign object wearing this run's project label stops the teardown (32.664834ms)
✔ COMPOSE-ADV: a compensation that reverts nothing is receipted as failed (31.220334ms)
✔ COMPOSE-ADV: a mutation the substrate did not apply is receipted as failed (58.032625ms)
✔ COMPOSE-ADV: a teardown Compose reports as clean is re-inspected (63.142125ms)
✔ COMPOSE-ADV: a failed `compose pull` refuses before anything is created (52.481625ms)
✔ COMPOSE-ADV: a partial provision is reported partial, with everything created (56.09225ms)
✔ COMPOSE-ADV: a stored receipt is not adopted once the substrate contradicts it (58.596917ms)
✔ COMPOSE-ADV: an expected container name running an image the lock does not pin is refused (65.282875ms)
✔ COMPOSE-ADV: an expected container name whose image cannot be resolved at all is refused (51.655208ms)
✔ COMPOSE-ADV: an expected container carrying another run's run_id label is refused (52.434667ms)
✔ COMPOSE-ADV: an expected container carrying a foreign driver_id label is refused (69.10925ms)
✔ COMPOSE-ADV: an expected container carrying a foreign Compose project label is refused (64.359959ms)
✔ COMPOSE-ADV: an expected container MISSING an ownership label is refused (77.331791ms)
✔ COMPOSE-ADV: two unproven containers are two inventory entries, not one (76.043625ms)
✔ COMPOSE-ADV: the baseline observation records what Docker said, not what the lock says (82.017833ms)
✔ COMPOSE-ADV: an activation observed on an unproven container is not this run's mutation (161.92575ms)
✔ COMPOSE-ADV: the RENDERED configuration publishes one loopback port and nothing else (268.451792ms)
✔ COMPOSE-ADV: the RENDERED configuration mounts the trusted volume into the collector alone (205.222375ms)
✔ COMPOSE-ADV: the substrate identity changes when the daemon does (124.728417ms)
✔ COMPOSE-ADV: telemetry the collector received is observed with the lines its counts derive from (75.927333ms)
✔ COMPOSE-ADV: a collector that is not provably this run's yields an absent observation, not a zero (103.336667ms)
✔ COMPOSE-ADV: a collector whose logs cannot be read is absent for a different, named reason (69.871459ms)
✔ COMPOSE-ADV: a verified collector that received nothing this run is observed, honestly, as zero (106.147667ms)
✔ COMPOSE-WINDOW: a complete same-run block retains a coherent count and attribution (171.787041ms)
✔ COMPOSE-WINDOW: the failed-gate signature cannot be retained as a definitive zero (127.5595ms)
✔ COMPOSE-WINDOW: a window that begins mid-record states no count, not even a zero (198.177958ms)
✔ COMPOSE-WINDOW: a re-exported start-up sentence does not make a cut window whole (188.069041ms)
✔ COMPOSE-WINDOW: another run's summary does not supply a count for this run's records (164.059541ms)
✔ COMPOSE-WINDOW: this run's summary is not attributed by another run's details (102.68375ms)
✔ COMPOSE-WINDOW: a complete window that genuinely received nothing states zero as a fact (121.141334ms)
✔ COMPOSE-WINDOW: a summary with no dump yet keeps settling instead of concluding (0.12ms)
✔ COMPOSE-WINDOW: the artifact reflects one accepted snapshot when the window moves (1157.72725ms)
✔ COMPOSE-WINDOW: exhausting the budget without a coherent window is incomplete, not zero (2079.329375ms)
✔ CONTAINER-DEADLINE: a subject that ignores every signal is bounded by its deadline (7514.068458ms)
✔ CONTAINER-DEADLINE: termination is observed — the whole pid namespace, keyed on container id (4803.367625ms)
✔ CONTAINER-PROFILE: with nothing derived, the profile is refused and reports why (1.105125ms)
✔ CONTAINER-PROFILE: the local-process profile is untouched by the container profile existing (0.25525ms)
✔ CONTAINER-PROFILE: a drifted substrate is refused before anything executes (24.662084ms)
✔ CONTAINER-PROFILE: mocked probes qualify nothing, launcher or no launcher (3.705209ms)
✔ CONTAINER-PROFILE: a qualified substrate with no launcher is still refused (2.245625ms)
✔ CONTAINER-PROFILE: an opaque or third-party subject is refused a fully working profile (1.865208ms)
✔ CONTAINER-PROFILE: probe evidence frozen against another lock licenses nothing (1.388333ms)
✔ CONTAINER-PROFILE: the control report is derived per control, from the probe bytes (1.278042ms)
✔ CONTAINER-PROFILE: an activation is re-derived from its evidence on every use (2.542375ms)
✔ CONTAINER-PROFILE: a container manifest that names no substrate lock is refused (10.122291ms)
✔ CONTAINER-PROFILE: a host cannot be built on the container profile without an activation (11.807958ms)
✔ CONTAINER-PROFILE: the module closure is the declared graph, resolved and bounded (2.331666ms)
✔ CONTAINER-PROFILE: the launcher and the probes apply the same hardened flags (0.13975ms)
✔ DOCTOR-GATE: the current doctor transcript passes (1.6895ms)
✔ DOCTOR-GATE: the stale pre-OQ-005 shape — a doctor report with no compose_substrate — is refused (0.117458ms)
✔ DOCTOR-GATE: a doctor report missing a promised section is refused (0.152542ms)
✔ DOCTOR-GATE: a substrate verdict that overstates the OQ-005 boundary is refused (0.106584ms)
✔ DOCTOR-GATE: a derived block that disagrees with the flat keys is refused (0.063167ms)
✔ DOCTOR-GATE: a restated rather than derived substrate block is refused (0.074041ms)
✔ DOCTOR-GATE: a missing, failed or duplicated doctor invocation is refused (0.133208ms)
✔ EMERGENCY-ADV: a restoration failure reaches an emergency terminal that verifies (40748.5505ms)
✔ EMERGENCY-ADV: every independently safe action is attempted, each with its own receipt (29449.41575ms)
✔ EMERGENCY-ADV: an unsafe skip carries a reason and no receipt (28553.148459ms)
✔ EMERGENCY-ADV: the unmutated cleanup derives cleanly (28228.387208ms)
✔ EMERGENCY-ADV: an omitted safe action is refused by the verifier's own derivation (30025.824ms)
✔ EMERGENCY-ADV: a safe action relabelled as an unsafe skip is refused (30308.910417ms)
✔ EMERGENCY-ADV: an attempted action with no receipt is refused (30783.9895ms)
✔ EMERGENCY-ADV: a skip carrying a receipt is refused (31000.124459ms)
✔ EMERGENCY-ADV: a cleanup citing a frontier the run never froze is refused (30759.710625ms)
✔ EMERGENCY-ADV: a frontier whose actions its own resources do not imply is refused (33124.862375ms)
✔ EMERGENCY-ADV: post-cleanup residue must account for every unresolved action (36114.01375ms)
✔ EMERGENCY-ADV: an unsafe resource does not prevent safe cleanup of the run's own (31931.763458ms)
✔ EMERGENCY-ADV: a mixed frontier still accounts for its residue (32846.47825ms)
✔ EMERGENCY-ADV: a genuinely foreign resource does not abort the branch either (33630.037708ms)
✔ EMERGENCY-ID: every real Compose action id yields a schema-valid operation id (0.779416ms)
✔ EMERGENCY-ID: an overlong resource id yields a schema-valid operation id (0.435916ms)
✔ EMERGENCY-ID: unsafe characters in an action id yield a schema-valid operation id (0.419834ms)
✔ EMERGENCY-ID: the same action derives the same id on every attempt (0.285584ms)
✔ EMERGENCY-ID: a second attempt at one action is a distinct operation (0.0925ms)
✔ EMERGENCY-ID: distinct actions derive distinct ids, including near-collisions (0.141042ms)
✔ SECOND-ATTEMPT: the throwing action is attempted twice under two distinct ids (1.41775ms)
✔ SECOND-ATTEMPT: neither thrown dispatch is journaled as a completed operation (0.307416ms)
✔ SECOND-ATTEMPT: the cleanup terminal reports the surviving resource honestly (0.406458ms)
✔ SECOND-ATTEMPT: the invalid terminal verifies offline (432.398291ms)
✔ ENV-MUT: a run cannot be provisioned into an archetype its challenge never admitted (16302.200667ms)
✔ ENV-MUT: a second live run cannot reserve this run's substrate identities (17683.804708ms)
✔ ENV-MUT: the driver's substrate survives the process that created it (8423.996334ms)
✔ ENV-MUT: a tampered retained inventory is refused, and the refusal writes nothing (7572.357917ms)
✔ ENV-MUT: activation is refused until the journey has actually connected (12928.238083ms)
✔ ENV-MUT: subject output cannot freeze while a committed step is still owed (11037.228041ms)
✔ ENV-MUT: the environment branch cannot be finalized through the pre-environment terminal (8155.567667ms)
✔ ENV-MUT: the execution plan cannot be built on a persona the selection did not open (8149.788667ms)
✔ ENV-MUT: an environment command on a run that never selected a case is refused (3024.560375ms)
✔ ENV-MUT: activation is refused after a connect that failed (14268.859542ms)
✔ ENV-MUT: --fake-step-status is unreachable without the development profile (6965.706208ms)
✔ ENV-EXERCISE: an unsuccessful required exercise reaches an INVALID terminal (106.650292ms)
✔ ENV-EXERCISE: a successful exercise still reaches a valid terminal (0.384916ms)
✔ ENV-EXERCISE: reaching finalization is not the same as being valid (0.242083ms)
✔ ENV-EXERCISE: applicability reads whether an exercise happened, never how it went (0.140875ms)
✔ ENV-EXERCISE: a run that committed no exercising step omits the gate and passes nothing vacuously (0.621958ms)
✔ ENV-EXERCISE: an exercising run may not omit the gate, and a non-exercising run may not publish it (0.939125ms)
✔ ENV-EXERCISE: telemetry applicability contains exercise success, from one definition (0.299834ms)
✔ ENV-EXERCISE: a retained observation the gate would not evaluate is refused (0.117ms)
✔ ENV-EXERCISE: the gate leaves the required set only for a run that never exercised (1.176708ms)
✔ ENV-TELEM-APPLICABILITY: the gate is required of a declaring run and of no other (2.181875ms)
✔ ENV-TELEM-APPLICABILITY: silence is the strict answer, not the lenient one (0.084625ms)
✔ ENV-TELEM-APPLICABILITY: a non-declaring run that publishes the gate is refused (0.433625ms)
✔ ENV-TELEM-APPLICABILITY: a non-declaring run omitting the gate is admitted (7.444917ms)
✔ ENV-TELEM-APPLICABILITY: a declaring run that omits the gate is refused (0.190459ms)
✔ ENV-TELEM-APPLICABILITY: a declaring run that publishes the gate twice is refused (0.087125ms)
✔ ENV-TELEM-APPLICABILITY: a declaring run whose gate failed still freezes an invalid terminal (0.648875ms)
✔ ENV-TELEM-APPLICABILITY: the applicability assertion refuses both directions (0.255666ms)
✔ ENV-TELEM-APPLICABILITY: C-160 cannot satisfy a declaring run's gate (0.243292ms)
✔ ENV-TELEM-APPLICABILITY: the trusted-producer capability guard is structural and strict (0.138375ms)
✔ ENV-RECORD: the capture group is all-or-nothing (7.839625ms)
✔ ENV-RECORD: the environment record requires the members the pre-environment branch forbids (0.657208ms)
✔ ENV-INVENTORY: the two public terminal types are excluded and cannot be smuggled in (9.555125ms)
✔ ENV-FINALIZE: the honest path passes the gate (6.941417ms)
✔ ENV-FINALIZE: restoration failure never reaches a valid terminal (0.293083ms)
✔ ENV-FINALIZE: teardown failure never reaches a valid terminal (0.232875ms)
✔ ENV-FINALIZE: a teardown bound to a different restoration is refused (0.208709ms)
✔ ENV-FINALIZE: residue observed after teardown is refused independently of what teardown said (0.134167ms)
✔ ENV-FINALIZE: a missing exposure event is refused (0.567542ms)
✔ ENV-FINALIZE: an invalid validity result never reaches the generic index (2.090625ms)
✔ ENV-FINALIZE: a stale index, a missing role, an extra artifact or an invalid closure all refuse (0.485ms)
✔ ENV-FINALIZE: trust and timestamp closure gate the signature (0.178084ms)
✔ ENV-ATTESTATION: the attestation carries the environment cleanup pair and a non-blind assurance (8.271ms)
✔ ENV-BUNDLE: the bundle is a container of evidence, never an execution body (8.54225ms)
✔ ENV-CLOSURE: the terminal stage is derived from the step submachine, never read (0.33525ms)
✔ ENV-CLOSURE: the terminal variant is derived from the retained record, not the bundle's claim (16.581666ms)
✔ ENV-TEARDOWN: a wildcard or foreign selector is refused, not narrowed (0.183917ms)
✔ ENV-TEARDOWN: passed is derived from residue, so a clean claim over residue is unrepresentable (0.142292ms)
✔ ENV-TEARDOWN: an uninspected teardown proves nothing and is refused (0.056958ms)
✔ MUT-ENV-BASELINE: the unmutated environment bundle verifies offline (47831.155125ms)
✔ MUT-ENV: a bundle that omits selection verification is refused (31795.745ms)
✔ MUT-ENV: a bundle whose selection receipt names other bytes is refused (30513.592209ms)
✔ MUT-ENV: a wrong package binding — an attestation from another run — is refused (65047.572792ms)
✔ MUT-ENV: a wrong source — the right source id pinned to the wrong keys — is refused (35192.129042ms)
✔ VERIFIER-DERIVE: a real environment bundle verifies, and the derivations are reached (43741.584792ms)
✔ VERIFIER-DERIVE: a validity result that claims `valid` over a failed gate is refused (30958.844ms)
✔ VERIFIER-DERIVE: a status that disagrees with its own gates is refused, on that ground alone (31869.59275ms)
✔ VERIFIER-DERIVE: a failed gate with no invalidity finding naming it is refused (31641.738375ms)
✔ VERIFIER-DERIVE: the exercise obligation is recomputed, not read from the producer (32501.726583ms)
✔ VERIFIER-DERIVE: a valid result citing invalidity findings is refused (35354.325125ms)
✔ VERIFIER-DERIVE: a restoration `passed` that its own evidence contradicts is refused (32850.421791ms)
✔ VERIFIER-DERIVE: a restoration citing no compensation receipt is refused (35528.77ms)
✔ VERIFIER-DERIVE: a teardown `passed` over non-empty residue is refused (39479.240208ms)
✔ VERIFIER-DERIVE: a teardown whose residue count and list disagree is refused (35353.966458ms)
✔ VERIFIER-DERIVE: a bundle whose lifecycle names no substrate binding is refused (35183.281042ms)
✔ VERIFIER-DERIVE: a binding naming another run is refused (36833.580167ms)
✔ VERIFIER-DERIVE: a cancellation claiming `not_required` over an environment is refused (12252.996084ms)
✔ VERIFIER-DERIVE: a cancellation closing over a pre-environment cleanup is refused (11801.056459ms)
✔ EB-BYTES: the unit is the byte, not the JavaScript character (0.979791ms)
✔ EB-BYTES: two references to one path count twice (0.089792ms)
✔ EB-BYTES: an empty payload set totals zero rather than failing (0.05225ms)
✔ EB-SIZE: exactly at the declared ceiling is admitted (0.128ms)
✔ EB-SIZE: one byte over the declared ceiling is refused (0.183958ms)
✔ EB-SIZE: the ceiling is a total, not a per-file bound (0.103792ms)
✔ EB-SIZE: the refusal quotes two integers and no payload byte (0.18275ms)
✔ EB-SIZE: multibyte payloads are measured after encoding, not before (0.073417ms)
✔ EB-CONTENT: a secret canary in retained output is a Lab-owned refusal (0.198458ms)
✔ EB-CONTENT: a forbidden identifier in retained output is refused (0.141375ms)
✔ EB-CONTENT: every declared forbidden identifier is actually refused (0.11875ms)
✔ EB-CONTENT: the judge-canary rule is deliberately not duplicated here (0.058791ms)
✔ EB-CONTENT: clean binary output is admitted (0.078583ms)
✔ EB-CONTENT: a token embedded in otherwise invalid UTF-8 is still found (0.070083ms)
✔ EB-CONTENT: clean text output is admitted (0.5445ms)
✔ EB-REDACT: a refusal never echoes the token it refused (0.707542ms)
✔ EB-REDACT: secret canaries are redacted by the same vocabulary (0.250458ms)
✔ EB-TELEMETRY: a canary anywhere in a snapshot's retained bytes refuses (0.416208ms)
✔ EB-TELEMETRY: the refusal names lab_telemetry and not the canary (0.150958ms)
✔ EB-TELEMETRY: clean telemetry passes (0.185416ms)
✔ EB-MOUNT-BIND: a published mount is verified against the bytes that were scanned (41.943375ms)
✔ EB-MOUNT-BIND: a mount already frozen with different bytes is refused, not overwritten (40.342958ms)
✔ EB-MOUNT-BIND: a mount path resolving through a symlink is refused before any read (4.719209ms)
✔ EB-MOUNT-BIND: a missing mount is an absence, never an empty read (0.545833ms)
✔ EB-MOUNT-BIND: the scanned bytes are the exact published bytes (26.16475ms)
✔ EVIDENCE-CLOCK: without the override, the observed supervisor duration is retained (420.24525ms)
✔ EVIDENCE-CLOCK: with the evidence override, only the retained wall_clock_ms changes (965.386875ms)
✔ EVIDENCE-CLOCK: the deadline and the process-tree kill still use real supervisor timing (1578.26425ms)
✔ EVIDENCE-CLOCK-CLI: a real preregistration keeps its real duration even when the evidence clock appears later (9323.706166ms)
✔ EVIDENCE-CLOCK-CLI: a run preregistered under the evidence clock retains the fixture value (3650.961792ms)
✔ EVIDENCE-CLOCK-CLI: a second, different evidence clock does not activate the override (3672.623417ms)
✔ EVIDENCE-CLOCK-CLI: an absent or malformed preregistration cannot activate the override (4094.802ms)
✔ EVIDENCE-CLOCK-CLI: the supervisor deadline stays real in evidence mode (33477.134583ms)
✔ EVIDENCE-STAGING: every staging root is the documented absolute byte length, whatever the checkout (6.105625ms)
✔ EVIDENCE-STAGING: each generation gets its own staging and work root (2.508ms)
✔ EVIDENCE-STAGING: an unpaddable checkout is refused before anything is generated (0.831708ms)
✔ EVIDENCE-STAGING: padding wider than a path component is refused (0.558541ms)
✔ EVIDENCE-STAGING: the staging root is removed after a clean finish, an exit, a throw and an interrupt (386.042875ms)
✔ EVIDENCE-STAGING: no mode generates into fixtures/golden, and staging is not a fixed shared directory (2.364ms)
✔ EVIDENCE-STAGING: --out refuses a directory the harness did not create (168.944625ms)
✔ EVIDENCE-STAGING: a real adapter under two different-length checkouts retains identical request_bytes (918.485125ms)
✔ EVIDENCE-STAGING: two concurrent generations share no mutable execution directory (187.009084ms)
✔ WINDOW-BASELINE: a shipped environment terminal commits exactly one window and verifies (39515.795625ms)
✔ WINDOW-HARNESS: re-sealing the whole chain unchanged still verifies (1456.518875ms)
✔ WINDOW-SHIFTED-WITHIN-BOUNDS: a window moved inside the bounds no longer escapes (3205.225125ms)
✔ WINDOW-SHIFTED-COMMITMENT: moving the commitment to match a shifted window is caught too (965.256917ms)
✔ WINDOW-OBSERVATION-DURATION: an observation window shifted within bounds is caught (3294.364083ms)
✔ WINDOW-BUNDLE-CUTOFF: an observation bundle whose cutoff disagrees with the commitment refuses (1001.608458ms)
✔ WINDOW-MISSING: a terminal that started traffic and dropped its commitment refuses (1754.455125ms)
✔ WINDOW-UNREACHED: a commitment retained but produced by no event refuses (1999.88875ms)
✔ WINDOW-LATE-COMMITMENT: a window committed after the capture it governs refuses (1334.160417ms)
✔ WINDOW-WRONG-SIGNER: a commitment signed by the traffic supervisor refuses (1250.680458ms)
✔ WINDOW-FOREIGN-RUN: a commitment naming another run refuses (1469.507917ms)
✔ WINDOW-POLICY-BINDING: a commitment naming a different cutoff policy refuses (675.010541ms)
✔ WINDOW-PROCESS-BINDING: a commitment measured from a different process start refuses (872.054792ms)
✔ WINDOW-CLOCK-BINDING: a commitment in a different clock domain refuses (859.510625ms)
✔ WINDOW-OBSERVATION-BINDING: a commitment naming a different comparison policy refuses (1116.698875ms)
✔ WINDOW-RULE-BINDING: a commitment declaring another instant rule refuses (1555.897083ms)
✔ WINDOW-INVENTORY: the commitment is an applicable signed member of the terminal (318.635959ms)
✔ WINDOW-INVENTORY-OMITTED: dropping the commitment from an otherwise complete inventory refuses (906.7965ms)
✔ ADMISSION: a receipt signed by a pinned authority is authenticated, and admissible at a scored tier (17.332ms)
✔ ADMISSION: a valid unsigned receipt is admitted at development, labelled unauthenticated (3.065584ms)
✔ ADMISSION: an unsigned receipt is refused for every scored tier (5.147416ms)
✔ ADMISSION: a signature by an unpinned signer never authenticates, and is refused when scored (5.167042ms)
✔ ADMISSION: zero-filled signature bytes are not treated as authenticated (4.569875ms)
✔ ADMISSION: a receipt whose bytes do not produce its core hash is refused (2.361ms)
✔ ADMISSION: a refused verdict cannot be admitted (4.176416ms)
✔ ADMISSION: a certified verdict carrying refusal codes cannot be admitted (4.12ms)
✔ ADMISSION: a certified verdict whose own checks failed is refused (7.512166ms)
✔ ADMISSION: a receipt describing a different manifest is refused (11.3405ms)
✔ ADMISSION: adapter id and version mismatches are refused (6.709375ms)
✔ ADMISSION: a receipt certifying different bytes than the manifest declares is refused (4.223083ms)
✔ ADMISSION: an entry whose bytes are not the certified ones is refused (7.856666ms)
✔ ADMISSION: certified operations must match the manifest's declared operations exactly (3.772042ms)
✔ ADMISSION: certified package kinds must match the manifest's declared kinds exactly (3.878666ms)
✔ ADMISSION: an adapter that certified itself is refused (4.387292ms)
✔ ADMISSION: the manifest-names-its-own-receipt cycle is unforgeable, not merely refused (4.258084ms)
✔ ADMISSION: a non-sentinel prior-receipt reference is carried, never claimed as verified (5.308833ms)
✔ ADMISSION: a published admission holds both artifacts, and republishing is idempotent (8.663ms)
✔ ADMISSION: a failed retention leaves no partial registry state (16.736791ms)
✔ ADMISSION: retention into a missing registry root refuses without creating one (25.352625ms)
✔ GATE: adapter-certified is applicable only to a real adapter, and always names the receipt (0.25875ms)
✔ CLI: a real adapter without its certification is refused, and help documents the step (22.585667ms)
✔ REGRESSION LIVE-001: no validity path emits an unconditional passing adapter-certified gate (6.758333ms)
✔ GATE: a fake-port run omits adapter-certified entirely — not applicable, not passed (0.196875ms)
✔ GATE-APPLICABILITY: omitting adapter-certified for a fake run does not make it optional for a real one (0.25225ms)
✔ PACK-AUTHORITY: a pack cannot express I/O, a clock, randomness, a process or a mutation (6.964125ms)
✔ PACK-AUTHORITY: a domain pack naming a subject or a shortcut predicate is refused (1.034375ms)
✔ PACK-AUTHORITY: a pack cannot read a validity, selection or judge-expectation contract (0.5495ms)
✔ PACK-AUTHORITY: post-hoc threshold mutation changes the metric identity and is refused (0.282041ms)
✔ PACK-BINDING: an uncertified pack, a swapped body and a swapped receipt are all refused (8.131375ms)
✔ METRIC-ARITHMETIC: ratios are exact integer division, never platform floats (0.475334ms)
✔ METRIC-ZERO: an empty denominator resolves only through the declared behaviour (3.778917ms)
✔ GENERIC-METRIC-REGISTRY §11.7: core, the SDK and the authoritative registry agree two ways (0.536708ms)
✔ GENERIC-METRIC-NEUTER §11.7: a pack that redefines a reserved hard-safety metric is refused (1.763667ms)
✔ METRIC-MISSING-INPUT: an unavailable input is inconclusive and names the selector (0.444167ms)
✔ STEP-ORDER: a duplicated step outcome in the derived closure is refused (5.887292ms)
✔ RESULT-JOIN: a missing branch, a duplicate result and an early cleanup are all refused (0.537292ms)
✔ RESULT-JOIN: a cross-run or cross-policy result cannot be joined (11.461416ms)
✔ NOT-APPLICABLE-REASON: a reason that does not derive from the terminal stage is refused (0.184791ms)
✔ VALIDITY-INDEPENDENCE: a gate that inspects subject quality is not a Lab-owned gate (0.152666ms)
✔ VALIDITY-COMPLETENESS: an omitted required gate is not a silent pass (0.199167ms)
✔ VALIDITY-ROUTING: invalid validity can never enter the generic evaluation index (6.005417ms)
✔ GENERIC-INDEX: a stale, cross-run or wrong-variant result is refused (2.983334ms)
✔ EMERGENCY-ACTION: a safe action without a receipt, and an unsafe skip with one, are refused (13.498708ms)
✔ EMERGENCY-RESIDUE: an unresolved resource must be declared with a containment status (0.2755ms)
✔ TERMINAL-VARIANT: an acquire terminal cannot carry a package-verification record (4.288958ms)
✔ VERSION-CROSSOVER: a V2 bundle cannot carry a retained V1 member (0.144584ms)
✔ DEEP-ANCESTRY: no generic or base artifact may carry a deep field (0.964416ms)
✔ CLEANUP: residual acquisition resources that are not quarantined fail cleanup (4.0835ms)
✔ BOUNDED-CLEANUP: a frontier-unsafe resource survives, and is reported as skipped (13846.675375ms)
✔ BOUNDED-CLEANUP: no whole-environment destroy is dispatched on the bounded route (8096.442667ms)
✔ BOUNDED-CLEANUP: every safe action has exactly one receipt, and every skip none (8635.016875ms)
✔ BOUNDED-CLEANUP: a foreign resource does not prevent the run reaching a terminal (9474.095958ms)
✔ BOUNDED-CLEANUP: the owned resources are cleaned up around the foreign one (7707.060334ms)
✔ BOUNDED-CLEANUP: a baseline failure's finding names the baseline gate (8372.6965ms)
✔ BOUNDED-CLEANUP: the cleanup consequence never replaces the original cause (9870.598041ms)
✔ BOUNDED-CLEANUP: the unmutated bounded terminal derives cleanly (8770.033541ms)
✔ BOUNDED-CLEANUP: a fabricated empty residue is refused as undeclared destruction (7842.607667ms)
✔ BOUNDED-CLEANUP: a probe that authorizes what the frontier did not is refused (8878.15275ms)
✔ BOUNDED-CLEANUP: a probe whose `before` is a post-destruction inventory is refused (10658.292125ms)
✔ BOUNDED-CLEANUP: a probe belonging to another run or another substrate is refused (10156.876667ms)
✔ BOUNDED-CLEANUP: an action claiming success over a resource that is still there is refused (9631.87225ms)
✔ BOUNDED-CLEANUP: a residue the observation does not see is refused (9511.044417ms)
✔ BOUNDED-CLEANUP: a finding naming another phase's gate is refused (9597.279167ms)
✔ BOUNDED-CLEANUP: a subject-attributed finding on a Lab environment failure is refused (10757.756708ms)
✔ BOUNDED-CLEANUP: the verifier's entry point requires the residue probe (9026.198959ms)
✔ BOUNDED-CLEANUP: a cleanup status that disagrees with the residue is refused (11355.145ms)
✔ BOUNDED-CLEANUP: the verifier's entry point requires the pre-action frontier (9665.518708ms)
✔ BOUNDED-CLEANUP: no attestation and no public bundle descend from a bounded terminal (11255.927417ms)
✔ GOLDEN-GATE: every invalid golden the gate enumerates is accepted unsabotaged (1261.698291ms)
✔ GOLDEN-GATE-SABOTAGE: deleting a retained artifact makes the gate reject the golden (402.5435ms)
✔ GOLDEN-GATE-SABOTAGE: an unaccounted retained extra makes the gate reject the golden (350.410708ms)
✔ GOLDEN-GATE-SABOTAGE: a truncated lifecycle makes the gate reject the golden (411.271167ms)
✔ ISOLATION: the container profile is disabled and cannot be silently downgraded (0.964208ms)
✔ ISOLATION: a mocked probe harness proves nothing and cannot qualify a profile (0.204417ms)
✔ ISOLATION: a declared-but-unobserved control cannot qualify a profile (0.114ms)
✔ ISOLATION: an unpinned substrate lock cannot qualify a profile (0.067834ms)
✔ ISOLATION: a missing or failing probe cannot qualify a profile (0.100083ms)
✔ ISOLATION: only fully observed enforcement over a pinned substrate qualifies (0.064166ms)
✔ ISOLATION: an opaque or third-party subject is refused under an unqualified profile (0.208208ms)
✔ ISOLATION: an unqualified host stays fail-closed, and a qualified substrate still does not enable the profile (0.082459ms)
✔ ISOLATION-LOCK: the suite covers exactly the twenty required controls, once each (1.642541ms)
✔ ISOLATION-LOCK: a probe suite missing one control cannot be presented as complete (23.00525ms)
✔ ISOLATION-LOCK: an unchanged substrate shows no drift (0.799417ms)
✔ ISOLATION-DRIFT: every pinned field is compared, and any divergence refuses (0.713958ms)
✔ ISOLATION-DRIFT: a weakened probe suite invalidates the lock that pinned the old one (1.050209ms)
✔ ISOLATION-REPORT: no lock means not_qualified, whatever the probes say (6.834166ms)
✔ ISOLATION-REPORT: a single declared, mocked, absent or failing control refuses (7.082083ms)
✔ ISOLATION-REPORT: probe evidence frozen against another substrate does not count (1.711584ms)
✔ ISOLATION-REPORT: all twenty observed over an exact lock is the only way to qualify (1.212708ms)
✔ ISOLATION-EXECUTION: the pre-execution gate re-derives rather than reading a report (3.257834ms)
✔ ISOLATION-SCOPE: qualification grants no credential, privilege or egress (0.469292ms)
✔ ISOLATION-CONTRACT: a non-observed probe result cannot claim enforcement at all (1.219542ms)
✔ REFUSAL-ATOMIC: this is P1-10 — journey with a missing comparison policy freezes no cutoff policy (21478.071583ms)
✔ REFUSAL-ATOMIC: every representative refusal cause leaves the run byte-identical (93966.80525ms)
✔ REFUSAL-ATOMIC: a refused environment command creates no substrate or reservation directory (10181.933458ms)
✔ REFUSAL-ATOMIC: nothing is written after the valid terminal, refused or replayed (42489.079708ms)
✔ PREREQ-CLI: this is P1-9 — a committed post-capture step cannot run before activation (35867.304459ms)
✔ CANCEL-BRANCH: a live environment never receives a pre-environment cleanup terminal (90295.160667ms)
✔ CANCEL-BRANCH: the branch is not decided by one file's existence (10097.754083ms)
✔ CANCEL-BRANCH: an unreadable binding refuses rather than answering pre-environment (9179.21425ms)
✔ CANCEL-BRANCH: a pre-environment run still takes the pre-environment branch (9174.5365ms)
✔ CANCEL-BRANCH: cancelling a cleanup interrupted mid-flight continues it, not restarts it (45376.370125ms)
✔ CANCEL-BRANCH: cancelling after emergency cleanup completed returns its terminal (34392.35775ms)
✔ CANCEL-BRANCH: cancelling a cancelled run returns the same record and writes nothing (11534.728166ms)
✔ LOCAL-V2: both neutral fixture shapes use the real subprocess protocol path (1251.34725ms)
✔ LOCAL-V2: V1 remains the default and cannot be selected for local mode (18.21125ms)
✔ LOCAL-V2: a V1 SDK response to the V2-only offer is a downgrade refusal (251.784541ms)
✔ LOCAL-V2: governed V2 is rejected before executable dispatch (3.582875ms)
✔ LOCAL-V2: V1 receipts and altered manifest/artifact/profile scope never authorize V2 (1.504166ms)
✔ LOCAL-LIMITS: plan ceilings intersect with host, output, diagnostics and controls (369.169458ms)
✔ LOCAL-LIMITS: timeout, response bomb and diagnostic-line bomb reuse existing host enforcement (943.759583ms)
✔ LOCAL-CONTROLS: egress, redirect, proxy environment and capabilities fail closed (615.192042ms)
✔ LOCAL-V2: per-dispatch artifact verification is load-bearing (10.886708ms)
✔ ADAPTER-CERT-V2: the neutral scope skeleton produces deterministic unsigned test receipts (1.909625ms)
✔ LOCAL-FIREWALL: every local type is rejected by every governed consumer contract (110.048542ms)
✔ LOCAL-FIREWALL: local schemas have no signer role, tier upgrade or governed alias (0.224584ms)
✔ LOCAL-FIREWALL: projection remains local output and cannot acquire a trusted role (1.801833ms)
✔ MUT-BASELINE: the unmutated CLI-produced bundle verifies offline (13070.807333ms)
✔ MUT-P1-1: a self-consistent rogue extra JSON invalidates a valid closure (698.369375ms)
✔ MUT-P2-2: a one-byte flip of a content-addressed store payload is rejected (825.731166ms)
✔ MUT-P2-2b: truncating a store payload is rejected (665.9665ms)
✔ MUT-P2-3: an unverified signer-inventory signature is refused (475.057875ms)
✔ MUT-P2-3b: an unverified final-attestation signature is refused (823.658583ms)
✔ MUT: a one-byte flip of a retained JSON artifact is rejected (342.451917ms)
✔ MUT: deleting a required retained artifact is rejected (922.815458ms)
✔ MUT: verifyReferencedBytes refuses a descriptor path that escapes the root (14.255875ms)
✔ MUT-P2-4: verify-record fails closed on a rogue extra in an invalid record (918.41925ms)
✔ MUT-6R-EXTRA-a: an unindexable retained extra (rogue-no-core-hash.json) invalidates a valid closure (1074.378583ms)
✔ MUT-6R-EXTRA-b: an unindexable retained extra (rogue-payload.bin) invalidates a valid closure (387.70225ms)
✔ MUT-6R-EXTRA-c: an unindexable retained extra (rogue-duplicate-key.json) invalidates a valid closure (759.878042ms)
✔ MUT-6R-EXTRA-d: an unindexable retained extra (rogue-array.json) invalidates a valid closure (463.970917ms)
✔ MUT-6R-EXTRA-e: an unindexable retained extra (nested/rogue-nested.bin) invalidates a valid closure (714.835291ms)
✔ MUT-6R-EXTRA-f: an orphaned freeze marker is not silently accounted (608.004416ms)
✔ MUT-6R-EXTRA-g: deleting a required artifact still reports the MISSING role, not its orphan marker (582.768208ms)
✔ MUT-6R-EXTRA-h: an unindexable extra also fails an INVALID record closed (468.383708ms)
✔ MUT-6R-SIGNER: a corrupted signature on acquisition-source-manifest.json is refused (591.774792ms)
✔ MUT-6R-SIGNER: a corrupted signature on acquisition-preregistration.json is refused (666.051958ms)
✔ MUT-6R-SIGNER: a corrupted signature on acquisition-preregistration-verification-receipt.json is refused (476.10275ms)
✔ MUT-6R-SIGNER: a corrupted signature on adapter-manifest.json is refused (788.294042ms)
✔ MUT-6R-SIGNER: a corrupted signature on generic-run-policy.json is refused (783.583625ms)
✔ MUT-6R-SIGNER: a signed contract the verifier declares no role for is refused (597.44875ms)
✔ MUT-6R-SIGNER: verify-record verifies the invalid record's own signed members (769.953959ms)
✔ MUT-6R-SIGNER: removing the mirrored trust policy does not disable record signature checks (442.995125ms)
✔ MUT-6R-SHADOW: a forged signature on adapter-manifest.json is not hidden by a later-sorting byte-copy (719.387875ms)
✔ MUT-6R-SHADOW: a byte-copy of adapter-manifest.json outside retained/ does not hide a forged signature (536.992375ms)
✔ MUT-6R-SHADOW: a forged signature on acquisition-preregistration.json is not hidden by a later-sorting byte-copy (1062.595083ms)
✔ MUT-6R-SHADOW: a byte-copy of acquisition-preregistration.json outside retained/ does not hide a forged signature (647.86475ms)
✔ MUT-6R-SHADOW: a forged signature on generic-run-policy.json is not hidden by a later-sorting byte-copy (712.804125ms)
✔ MUT-6R-SHADOW: a byte-copy of generic-run-policy.json outside retained/ does not hide a forged signature (760.435209ms)
✔ MUT-6R-SHADOW: two retained files claiming the same core hash are refused (541.61675ms)
✔ MUT-6R-SHADOW: a duplicate carrying its own freeze marker is still refused (603.781958ms)
✔ MUT-6R-SHADOW: verify-record refuses a shadowed forged signature (1138.103666ms)
✔ JOURNEY-ORACLE-CANARY: the visible step carries no expectation and no canary (78.717167ms)
✔ JOURNEY-ORACLE-CANARY: the commitment binds the expectation without revealing it (59.192583ms)
✔ JOURNEY-ORACLE-CANARY: every design-named surface is scanned (73.195625ms)
✔ JOURNEY-ORACLE-CANARY: an unknown but well-formed canary is still a leak (0.134458ms)
✔ JOURNEY-ORACLE-FIELD: the subject port refuses an expectation-shaped request (0.187084ms)
✔ JOURNEY-ORACLE-CANARY: the ciphertext on disk leaks nothing in cleartext (94.336291ms)
✔ JOURNEY-ORACLE-CANARY: a tampered visible step no longer matches its commitment (93.4955ms)
✔ JOURNEY-ORACLE-CANARY: nothing under a run root or registry matches the canary pattern (100.033417ms)
✔ ORACLE-COVERAGE: exactly the four produced surfaces are live; the rest are honestly pending (1.423375ms)
✔ ORACLE-COVERAGE: every live surface names a production regression and a control that kills it (0.487875ms)
✔ ORACLE-COVERAGE: the mounted-file scan reads content, not a descriptor about it (2.861209ms)
✔ ORACLE-COVERAGE: every live surface is fail-closed on token detection (0.599417ms)
✔ ORACLE-COVERAGE: the live adapter-request surface is fail-closed on token detection (0.108ms)
✔ ORACLE-COVERAGE: a clean adapter request is not a false positive (0.105958ms)
✔ POST-REVEAL-GUARD: subject execution is refused in every revealed/terminal/invalidating state (9.230917ms)
✔ POST-REVEAL-GUARD: subject execution is permitted while a step is legitimately pending (0.198167ms)
✔ POST-TERMINAL-NO-WRITE: every refused post-terminal command adds zero retained evidence (12382.946666ms)
✔ RUNBIND-BASELINE: the unmutated pre-environment golden verifies offline (901.021583ms)
✔ RUNBIND: a self-consistent bundle naming a different run than its attestation is refused (797.40225ms)
✔ RUNBIND: the environment branch already refused the same shape, and still does (3.811459ms)
✔ EARLY-TERMINAL-CLOSURE: the transition table has one authorized continuation for a verified package (2.740625ms)
✔ EARLY-TERMINAL-CLOSURE: the pre-environment output manifest has no package-manifest member (21.393333ms)
✔ EARLY-TERMINAL-CLOSURE: the closure verifier rejects a package manifest in a pre-environment terminal (2024.958125ms)
✔ EARLY-TERMINAL-CLOSURE: a real run that verifies its package cannot append the early terminal (594.03225ms)
✔ INVALID-TERMINAL: an invalid terminal always passes through invalid_failure_detected (0.880667ms)
✔ EARLY-TERMINAL-CLOSURE: the run workspace refuses the early terminal with a stable code (10252.496667ms)
✔ QUALIFY-VERIFY: a retained set that agrees with the observation reports no drift (1.418833ms)
✔ QUALIFY-VERIFY: a lock whose recorded core hash is not its own is drift (0.204042ms)
✔ QUALIFY-VERIFY: a lock whose signature does not verify is drift (0.136583ms)
✔ QUALIFY-VERIFY: a lock that no longer says qualified is drift (0.108084ms)
✔ QUALIFY-VERIFY: a moved archive is drift (0.11425ms)
✔ QUALIFY-VERIFY: a different source commit is drift (1.095417ms)
✔ QUALIFY-VERIFY: a re-pushed image digest is drift (0.168125ms)
✔ QUALIFY-VERIFY: a lock missing one platform is drift (0.113666ms)
✔ QUALIFY-VERIFY: an observed image the lock does not pin is drift (0.124625ms)
✔ QUALIFY-VERIFY: a duplicated image slot is drift (0.268ms)
✔ QUALIFY-VERIFY: a changed configuration hash is drift (0.250583ms)
✔ QUALIFY-VERIFY: fewer than the five applied configuration files is drift (0.10825ms)
✔ QUALIFY-VERIFY: an SBOM index whose bytes no longer hash to the lock's record is drift (0.073166ms)
✔ QUALIFY-VERIFY: an SBOM index whose size no longer matches the lock's record is drift (0.291209ms)
✔ QUALIFY-VERIFY: a missing SBOM index is drift (0.201333ms)
✔ QUALIFY-VERIFY: an SBOM index describing three of the four slots is drift (0.108166ms)
✔ QUALIFY-VERIFY: an SPDX document that is not on disk is drift (0.075917ms)
✔ QUALIFY-VERIFY: an SPDX document whose bytes changed is drift (0.060875ms)
✔ QUALIFY-VERIFY: an SPDX document that does not hold the package count claimed for it is drift (0.056334ms)
✔ QUALIFY-VERIFY: an SBOM document naming an image digest the registry no longer serves is drift (0.057167ms)
✔ QUALIFY-VERIFY: an SBOM index bound to a different source commit is drift (0.050958ms)
✔ QUALIFY-VERIFY: a missing provenance record is drift (0.062ms)
✔ QUALIFY-VERIFY: a provenance record bound to a different archive is drift (0.056667ms)
✔ QUALIFY-VERIFY: a provenance record naming a different archive URL is drift (0.054209ms)
✔ QUALIFY-VERIFY: provenance claiming independent authentication is drift (0.053333ms)
✔ QUALIFY-VERIFY: a provenance image matrix that disagrees with the registry is drift (0.0575ms)
✔ QUALIFY-VERIFY: a lock whose inline provenance names another source is drift (0.065917ms)
✔ QUALIFY-VERIFY: missingSbomSlots names every uncovered service/platform (0.159167ms)
✔ RUN-IDENTITY: a matching run id and run root operate normally (10446.863084ms)
✔ RUN-IDENTITY: a wrong --run against another run's root is refused (3442.237125ms)
✔ RUN-IDENTITY: the refusal precedes the run lease and writes no evidence (4100.9495ms)
✔ RUN-IDENTITY: an environment command's refusal creates no substrate or reservation directory (3666.061583ms)
✔ RUN-IDENTITY: a direct library caller is refused on the same terms (3168.981084ms)
✔ RUN-IDENTITY: a mutating command may not bring a run root into being (3557.807417ms)
✔ RUN-IDENTITY: repeated correct opens across fresh processes are stable (4563.361333ms)
✔ RUN-IDENTITY: run A's id against run B's root refuses, and B is byte-identical afterwards (6395.873958ms)
✔ RUN-IDENTITY: a snapshot that disagrees with the hash-chained first event is refused (3439.289459ms)
✔ RUN-IDENTITY: a torn snapshot is tolerated; the chain stays authoritative (4460.954167ms)
✔ RUN-IDENTITY: a partially initialized or corrupt workspace refuses rather than guessing (4633.732709ms)
✔ SELECTION-CHAIN-CLOSURE: the complete chain verifies independently (279.473708ms)
✔ SELECTION-RECEIPT-CHECKS §11.10: a receipt attesting a check as not-verified is refused (196.474208ms)
✔ POOL-METADATA-UNIFORMITY: every selector-visible length matches the profile (246.558ms)
✔ SELECTION-CHAIN-CLOSURE: a substituted pool root is rejected (164.18975ms)
✔ SELECTION-CHAIN-CLOSURE: reordered pool entries are rejected (177.977875ms)
✔ BEACON-WRAPPER-OWNERSHIP: a wrapper claiming the beacon signed the ERL binding is rejected (229.419125ms)
✔ RANDOMNESS-SOURCE-TRUST: an unpinned source is rejected (265.825875ms)
✔ THRESHOLD-VRF-ACTIVATION-GATE: a threshold-VRF policy is non-admissible (0.265833ms)
✔ RANDOMNESS-VARIANT-CLOSURE: a beacon receipt carrying threshold fields is rejected (195.719917ms)
✔ SINGLE-RANDOMNESS-SOURCE: the beacon refuses a second draw for the same pool (274.834542ms)
✔ SELECTION-NON-COLLUSION: overlapping role keys fail admission (225.4545ms)
✔ ERL2-OQ-007 fail-closed: the development beacon may not drive a blind tier (0.178334ms)
✔ ERL2-OQ-007 wired: verifySelectionChain itself refuses a blind tier on the dev beacon (P2-7) (208.240958ms)
✔ INDEPENDENT-RANDOMNESS: index derivation is deterministic and in range (0.379125ms)
✔ MUT-SEL-BASELINE: the unmutated chain verifies offline (15497.379416ms)
✔ MUT-SEL-DISK: a re-signed selection artifact no longer matches the lifecycle record (4496.323416ms)
✔ MUT-SEL-DISK: a forged beacon native proof is refused (700.426709ms)
✔ MUT-SEL-DISK: a forged association wrapper signature is refused (758.32775ms)
✔ MUT-SEL-CHAIN: a reordered eligibility pool is refused (26.883042ms)
✔ MUT-SEL-CHAIN: a substituted pool root is refused (23.6835ms)
✔ MUT-SEL-CHAIN: an extra pool entry is refused (20.112917ms)
✔ MUT-SEL-CHAIN: a wrong beacon round is refused (16.365417ms)
✔ MUT-SEL-CHAIN: a wrong source/request binding is refused (15.971792ms)
✔ MUT-SEL-CHAIN: a wrong derived index is refused (15.936584ms)
✔ MUT-SEL-CHAIN: a rejection-count mismatch is refused (15.26675ms)
✔ MUT-SEL-CHAIN: a reveal released before the commitment checkpoint is refused (101.554042ms)
✔ MUT-SEL-CHAIN: a checkpoint anchoring the wrong target is refused (63.08775ms)
✔ MUT-SEL-CHAIN: a checkpoint-order violation is refused (15.5665ms)
✔ MUT-SEL-CHAIN: a substituted selected binding is refused (15.59375ms)
✔ MUT-SEL-CHAIN: a missing selection member is refused (14.577917ms)
✔ MUT-SEL-CHAIN: a development selection relabelled held_out is refused by the kernel (15.416459ms)
✔ MUT-SEL-CHAIN: a development selection relabelled blind is refused by the kernel (14.490125ms)
✔ MUT-SEL-CHAIN: a threshold-VRF randomness policy is refused (11.787625ms)
✔ MUT-SEL-CHAIN: a revoked signer is refused (14.101958ms)
✔ SEL-DERIVE: the chain is assembled from retained bytes and verifies (15310.396083ms)
✔ SEL-DERIVE: each checkpoint is identified by what it anchors (527.915625ms)
✔ SEL-DERIVE: a missing selection member is refused, never defaulted (6837.860333ms)
✔ SEL-DERIVE: a duplicated selection member is refused, not silently chosen between (345.288459ms)
✔ SEL-DERIVE: a pool entry the manifest does not order is refused (177.214625ms)
✔ SEL-DERIVE: entries are taken in the manifest's order, not the directory's (498.738625ms)
✔ SEL-DERIVE: a retained member the lifecycle never recorded is refused (324.488042ms)
✔ SEL-DERIVE: the pre-environment verifier still forbids selection artifacts (544.267ms)
✔ SEL-DERIVE: a selection artifact planted in a pre-environment bundle is refused by the CLI (2578.274792ms)
✔ SELECTION-KAT: the ordered pool root matches its frozen vector and an independent recomputation (0.871917ms)
✔ SELECTION-KAT: the hiding commitment matches its frozen vector and an independent recomputation (0.19175ms)
✔ SELECTION-KAT: the source/request binding matches its frozen vector and an independent recomputation (0.134791ms)
✔ SELECTION-KAT: the selected index (and rejection count) matches frozen vectors and an independent replay (2.046083ms)
✔ SELECTION-KAT: the rejection-sampling limit is the largest multiple of n below 2^32 (0.224959ms)
✔ SEL-ROLES: every signed selection member verifies under its declared role (15197.642625ms)
✔ SEL-ROLES: a governor-signed randomness policy is refused (402.417667ms)
✔ SEL-ROLES: a governor-signed journey selection policy is refused (1609.90325ms)
✔ SEL-ROLES: an evaluator-signed verification receipt is refused (1671.883541ms)
✔ SEL-ROLES: every other selection member is refused under a wrong role (4880.623042ms)
✔ SEL-ROLES: an undeclared signed selection contract is still refused (219.973125ms)
✔ INV-BASELINE: an honest CLI terminal lists every applicable signed member (14818.425125ms)
✔ INV-HARNESS: re-sealing the chain unchanged still verifies (639.076833ms)
✔ INV-MISSING: an inventory that omits generic-run-policy/v1 is refused (596.906458ms)
✔ INV-MISSING: an inventory that omits trust-policy-manifest/v2 is refused (539.674667ms)
✔ INV-MISSING: an inventory that omits trusted-timestamp-checkpoint/v1 is refused (445.215666ms)
✔ INV-MISSING: an inventory that omits acquisition-preregistration/v1 is refused (1043.261542ms)
✔ INV-MISSING: a false completeness claim is not a separate rule — it is never read (605.088125ms)
✔ INV-MISSING: a manipulated completeness flag is not representable at all (810.415ms)
✔ INV-WRONG: an entry naming a retained artifact that is not an applicable member is refused (675.213042ms)
✔ INV-WRONG: an entry whose schema contradicts the artifact is refused (478.018625ms)
✔ INV-WRONG: an entry whose key contradicts the artifact is refused (806.261958ms)
✔ INV-WRONG: an entry whose signature hash contradicts the artifact is refused (1559.638708ms)
✔ INV-WRONG: the correct key under an unauthorized role is refused (1467.683958ms)
✔ INV-WRONG: a signed member from another run is refused (8404.8445ms)
✔ INV-WRONG: a lifecycle-unreachable signed member is refused (998.35425ms)
✔ INV-WRONG: a member created after the inventory cutoff cannot be listed (484.011917ms)
✔ INV-SET: a duplicated entry is refused (1061.596417ms)
✔ INV-SET: an inventory naming another run is refused even when every hash resolves (8353.224584ms)
✔ INV-SET: the right count with one member substituted is refused (767.23375ms)
✔ INV-SET: the verifier declares its own exclusions rather than reading the inventory's (1152.9365ms)
✔ INV-SET: entry order is not normative (617.488166ms)
✔ INV-INVALID: an invalid record that retains a signer inventory is refused (456.982083ms)
✔ INV-ENV-BASELINE: an environment terminal lists every applicable signed member (48107.92075ms)
✔ INV-ENV-MISSING: an environment inventory that omits external-beacon-randomness-receipt/v1 is refused (1166.20225ms)
✔ INV-ENV-MISSING: an environment inventory that omits trust-policy-manifest/v2 is refused (841.480708ms)
✔ INV-ENV-MISSING: an environment inventory that omits exposure-event/v1 is refused (822.178458ms)
✔ PAYLOAD-BASELINE: the unmutated run's payload root is completely accounted (15873.637125ms)
✔ PAYLOAD-MUT: a declared payload that is not retained is refused (1260.770209ms)
✔ PAYLOAD-MUT: an undeclared extra file in the payload root is refused (872.910916ms)
✔ PAYLOAD-MUT: an extra file that is itself a well-formed artifact is still refused (449.508791ms)
✔ PAYLOAD-MUT: an orphan freeze marker in the payload root is refused (1056.620208ms)
✔ PAYLOAD-MUT: a declared payload replaced by a symlink is refused (532.418167ms)
✔ PAYLOAD-MUT: a subdirectory of undeclared files in the payload root is refused (1476.061916ms)
✔ PAYLOAD-ORDER: altered payload bytes are caught by the referenced-bytes layer (708.599625ms)
✔ SUBSTRATE-ERRORS: a missing state file is the only thing that means `never provisioned` (6.097542ms)
✔ SUBSTRATE-ERRORS: malformed JSON is a typed corruption refusal, not an empty substrate (4.180041ms)
✔ SUBSTRATE-ERRORS: truncated state is a typed corruption refusal (8.760208ms)
✔ SUBSTRATE-ERRORS: a document that is not substrate state fails closed rather than reading as empty (60.865083ms)
✔ SUBSTRATE-ERRORS: an unsupported shape version fails closed (27.857166ms)
✔ SUBSTRATE-ERRORS: a directory where the state file belongs is a typed I/O refusal (8.713209ms)
✔ SUBSTRATE-ERRORS: an unreadable state file is a typed I/O refusal (20.323167ms)
✔ SUBSTRATE-ERRORS: an arbitrary injected I/O fault is a typed refusal, whatever the errno (23.63925ms)
✔ SUBSTRATE-ERRORS: an ENOENT from the seam is still `never provisioned` (4.250125ms)
✔ SUBSTRATE-ERRORS: a write fault is typed and does not leak the substrate path (3.266583ms)
✔ SUBSTRATE-ERRORS: an unreadable substrate never yields a clean teardown (42308.013917ms)
✔ SUBSTRATE-SUBSTITUTION: the exploit's own commands are refused before any cleanup evidence freezes (39349.331166ms)
✔ SUBSTRATE-SUBSTITUTION: substrate A remains uncleared and no valid attestation is emitted (29801.830333ms)
✔ SUBSTRATE-SUBSTITUTION: a run bound to a substrate reaches it without being told where it is (37099.386667ms)
✔ SUBSTRATE-SUBSTITUTION: a mutated retained binding is refused offline (39412.080458ms)
✔ SUBSTRATE-SUBSTITUTION: a reservation-namespace redirect is refused independently (31858.554417ms)
✔ SUBSTRATE-SUBSTITUTION: the locator flags are unreachable on the release surface (14182.413917ms)
✔ SUBSTRATE-SUBSTITUTION: a substrate with no identity cannot stand in for the bound one (37503.745375ms)
✔ SUBSTRATE-SUBSTITUTION: every bound identity refuses independently, offline (37905.61675ms)
✔ SUBSTRATE-SUBSTITUTION: a binding signed by the wrong role is refused offline (41300.017542ms)
✔ SUBSTRATE-SUBSTITUTION: an invalid binding signature is refused offline (36943.758583ms)
✔ SUBSTRATE-SUBSTITUTION: the same path with a different instance marker is a mismatch (32361.603417ms)
✔ SUBSTRATE-SUBSTITUTION: a different established substrate is a mismatch, not a fresh start (41077.90625ms)
✔ TRUSTED-CHANNEL: the volume is created with the collector's ownership and a size bound (17.828458ms)
✔ TRUSTED-CHANNEL: a volume of this run's name that already exists is refused, never adopted (1.454625ms)
✔ TRUSTED-CHANNEL: a daemon that ignored the ownership options is refused, not trusted (1.095666ms)
✔ TRUSTED-CHANNEL: a volume that could not be created is a refusal with its own code (0.636708ms)
✔ TRUSTED-CHANNEL: exactly one file is frozen, and a second is refused rather than ignored (9.73525ms)
✔ TRUSTED-CHANNEL: a missing artifact and a failed copy stay different refusals (2.156959ms)
✔ TRUSTED-CHANNEL: bytes that never stop moving are refused, never half-frozen (1.642375ms)
✔ TRUSTED-CHANNEL: the frozen digest is over the exact bytes, and a later write cannot reach it (21.226541ms)
✔ TRUSTED-CHANNEL: an artifact over the retention bound fails closed and is never truncated to fit (1.122583ms)
✔ TRUSTED-CHANNEL: an empty artifact is an authentic observed zero, not an absence (1.037292ms)
✔ TRUSTED-CHANNEL: an unverified collector produces an absent record with a reason, never a zero (4.032916ms)
✔ TRUSTED-CHANNEL: the produced record satisfies ERL2-C-171 and its own core hash (1.658625ms)
✔ TRUSTED-CHANNEL: another run's frozen artifact cannot satisfy this run (4.292375ms)
✔ TRUSTED-CHANNEL: a foreign marker inside this run's bytes is refused rather than skipped (4.701292ms)
✔ TRUSTED-CHANNEL: a hostile payload cannot create a physical record or move a count (1.778792ms)
✔ TRUSTED-CHANNEL: a sensitive attribute in the retained bytes refuses with its own code (0.207708ms)
✔ TRUSTED-CHANNEL: a span event's attributes and name are both refused (0.19475ms)
✔ TRUSTED-CHANNEL: a resource whose attributes were all minimized away stays readable (0.068625ms)
✔ TRUSTED-CHANNEL: an empty file that is merely stable is not yet a settled observation (0.738958ms)
✔ TRUSTED-CHANNEL: bytes that are not UTF-8 are refused rather than silently replaced (0.589542ms)
✔ TRUSTED-CHANNEL: the volume name is run-scoped, so ownership is provable from the name (0.072041ms)
✔ TRUSTED-CHANNEL: cleanup removes the volume it created and reports the outcome (4.481042ms)
✔ TRUSTED-CHANNEL: a cleanup that failed says so, and says what survived (10.601792ms)
✔ TRUSTED-CHANNEL: cleanup does not confer evidence validity, and validity does not confer cleanup (29.953792ms)
✔ TRUSTED-CHANNEL: the freeze copies are working material and do not outlive cleanup (446.67625ms)
✔ TRUSTED-CONFIG: the trusted pipeline minimizes before it exports, and the allowlist is the parser's (1.929958ms)
✔ TRUSTED-CONFIG: the trusted exporter shares its channel with nothing that renders subject bytes (0.747666ms)
✔ TRUSTED-LOCAL-ADMIT: an explicit owner declaration is admitted, and says what it is not (37.181792ms)
✔ TRUSTED-LOCAL-ADMIT: a missing acknowledgement is refused (1.994708ms)
✔ TRUSTED-LOCAL-ADMIT: an altered acknowledgement token is refused (1.799709ms)
✔ TRUSTED-LOCAL-ADMIT: an acknowledgement of different bytes is refused (1.709083ms)
✔ TRUSTED-LOCAL-ADMIT: an artifact digest mismatch is refused (1.90325ms)
✔ TRUSTED-LOCAL-ADMIT: a manifest binding mismatch is refused (1.414708ms)
✔ TRUSTED-LOCAL-ADMIT: manifest file bytes that changed after acceptance are refused (1.508459ms)
✔ TRUSTED-LOCAL-ADMIT: artifact bytes changed before host construction are refused (83.277125ms)
✔ TRUSTED-LOCAL-ADMIT: artifact bytes changed between dispatches are refused (5.786417ms)
✔ TRUSTED-LOCAL-ADMIT: a governed execution mode is refused (1.913625ms)
✔ TRUSTED-LOCAL-ADMIT: a scored, authenticated or governor-authorized claim is refused (7.754375ms)
✔ TRUSTED-LOCAL-ADMIT: a weakened claim ceiling is refused (2.034ms)
✔ TRUSTED-LOCAL-ADMIT: a V1 manifest cannot fall back into this path (0.672208ms)
✔ TRUSTED-LOCAL-ADMIT: a certification receipt does not substitute for a declaration (16.501583ms)
✔ TRUSTED-LOCAL-ADMIT: the host retains which authority admitted the adapter (5.535208ms)
✔ TRUSTED-LOCAL-ADMIT: a plan bound to another declaration is refused (6.05125ms)
✔ TRUSTED-LOCAL-ADMIT: a certified plan cannot run under a trusted-local declaration (7.537333ms)
✔ TRUSTED-LOCAL-VERIFY: a genuine retained record verifies, and reports its ceiling (7359.247416ms)
✔ TRUSTED-LOCAL-VERIFY: a changed run id, fully resealed, is refused (7589.872209ms)
✔ TRUSTED-LOCAL-VERIFY: a changed plan hash, fully resealed, is refused (6231.134666ms)
✔ TRUSTED-LOCAL-VERIFY: omitted plan bytes are refused (6316.564542ms)
✔ TRUSTED-LOCAL-VERIFY: a plan whose operations exceed the retained outcomes is refused (7082.493458ms)
✔ TRUSTED-LOCAL-VERIFY: reordered outcomes are refused (6197.697208ms)
✔ TRUSTED-LOCAL-VERIFY: an altered predecessor chain is refused (6584.296291ms)
✔ TRUSTED-LOCAL-VERIFY: a cross-run replay is refused (13980.95975ms)
✔ TRUSTED-LOCAL-VERIFY: a false cleanup upgrade is refused (6917.565666ms)
✔ TRUSTED-LOCAL-VERIFY: a contradictory terminal status is refused (7390.030917ms)
✔ TRUSTED-LOCAL-VERIFY: a nested adapter-written verdict is refused (7148.48425ms)
✔ TRUSTED-LOCAL-VERIFY: an unknown top-level field is refused (6502.410167ms)
✔ TRUSTED-LOCAL-VERIFY: an unknown nested field is refused (7329.320209ms)
✔ TRUSTED-LOCAL-VERIFY: an oversized record is refused before it is parsed (6199.458667ms)
✔ TRUSTED-LOCAL-VERIFY: a false independent-certification claim is refused (6218.431334ms)
✔ TRUSTED-LOCAL-VERIFY: a false confinement claim is refused (6824.63125ms)
✔ TRUSTED-LOCAL-VERIFY: scored, authenticated and production-ready claims are refused (6806.2915ms)
✔ TRUSTED-LOCAL-VERIFY: the embedded result's own ceiling cannot be weakened either (6919.819917ms)
✔ TRUSTED-LOCAL-VERIFY: an altered artifact or manifest binding is refused (6350.876917ms)
✔ TRUSTED-LOCAL-VERIFY: an embedded declaration replaced with another is refused (7133.265375ms)
✔ TRUSTED-LOCAL-VERIFY: an adapter whose bytes changed after the run is refused (6378.794167ms)
✔ TRUSTED-OWNERSHIP: provisioning writes a durable, run-bound, sealed handle (10.015416ms)
✔ TRUSTED-OWNERSHIP: the raw capability is in the handle and nowhere else (15.514709ms)
✔ TRUSTED-OWNERSHIP: the volume carries exactly the labels the handle requires (12.334625ms)
✔ TRUSTED-OWNERSHIP: label comparison is key-set equality, not containment (0.181916ms)
✔ TRUSTED-OWNERSHIP: a tampered handle is not a handle (26.056125ms)
✔ TRUSTED-OWNERSHIP: a corrupt handle removes nothing and says so (8.576458ms)
✔ TRUSTED-OWNERSHIP: no handle means no deletion, however the volume looks (4.666666ms)
✔ TRUSTED-OWNERSHIP: a volume with the right name and wrong labels survives (22.4435ms)
✔ TRUSTED-OWNERSHIP: a volume with the right labels and the wrong capability survives (23.828625ms)
✔ TRUSTED-OWNERSHIP: a pre-existing volume is refused and never adopted or removed (3.373666ms)
✔ TRUSTED-OWNERSHIP: a crash before the intent leaves nothing to clean up (4.312791ms)
✔ TRUSTED-OWNERSHIP: a crash after the intent and before the volume is recoverable (26.779917ms)
✔ TRUSTED-OWNERSHIP: a crash after the volume and before confirmation reconciles the exact resource (21.368167ms)
✔ TRUSTED-OWNERSHIP: reconciliation refuses a mismatched resource rather than deleting it (7.290167ms)
✔ TRUSTED-OWNERSHIP: a live claim is never overwritten by a second provision (14.312291ms)
✔ TRUSTED-OWNERSHIP: a successful removal tombstones the handle (19.210542ms)
✔ TRUSTED-OWNERSHIP: repeated destroy is idempotent and cannot reach a later resource (19.002959ms)
✔ TRUSTED-OWNERSHIP: a removal that succeeded without a tombstone is recovered honestly (46.217ms)
✔ TRUSTED-OWNERSHIP: a failed removal keeps the handle and reports the daemon's words (39.194375ms)
✔ TRUSTED-OWNERSHIP: ownership is read from the handle, never from this object's memory (11.300833ms)
✔ TRUSTED-OWNERSHIP: the handle is written atomically and leaves no partial file (10.624833ms)
✔ TRUSTED-REMEDIATION: every subject-controlled surface is refused, at every nesting level (9.082459ms)
✔ TRUSTED-REMEDIATION: the minimized shape the pinned collector emits stays readable (0.466166ms)
✔ TRUSTED-REMEDIATION: a link stripped to its identifiers is still refused (0.123666ms)
✔ TRUSTED-REMEDIATION: telemetry arriving after the settle budget is never an observed zero (8.873916ms)
✔ TRUSTED-REMEDIATION: telemetry inside the budget is still observed positively (2.156375ms)
✔ TRUSTED-REMEDIATION: a zero is authoritative only when the run was declared eligible for one (2.680125ms)
✔ TRUSTED-REMEDIATION: a zero-eligible run that receives foreign traffic still refuses (0.636708ms)
✔ TRUSTED-REMEDIATION: a non-regular source entry is refused before anything dereferences it (1.097459ms)
✔ TRUSTED-REMEDIATION: a regular source entry still freezes, from the bytes that were classified (0.244916ms)
✔ TRUSTED-REMEDIATION: the copy path writes nothing to this host's filesystem (2.113375ms)
✔ TRUSTED-REMEDIATION: `docker cp` is asked for the archive, never for an extraction (4.020208ms)
✔ TRUSTED-REMEDIATION: traversal and absolute archive names are refused (0.193083ms)
✔ TRUSTED-REMEDIATION: the archive reader classifies without extracting, and bounds its payload (7.093458ms)
✔ TRUSTED-LINKS: an artifact with no links is unaffected and stays authoritative (1.648708ms)
✔ TRUSTED-LINKS: the exporter's canonical empty-link representation is accepted (0.211834ms)
✔ TRUSTED-LINKS: any nonempty link refuses the artifact with the capability reason (0.381625ms)
✔ TRUSTED-LINKS: the reason is not any of the neighbours it could be mistaken for (0.241334ms)
✔ TRUSTED-LINKS: a hostile link is refused before its payload is ever classified (0.142542ms)
✔ TRUSTED-LINKS: a mixed artifact contributes nothing, not a reduced count (0.220292ms)
✔ TRUSTED-LINKS: the linked span's position in the artifact does not change the verdict (0.525791ms)
✔ TRUSTED-LINKS: a second record cannot rescue an artifact whose first record links (0.6865ms)
✔ TRUSTED-LINKS: a linked artifact produces an absence with the capability reason, never a count (4.114208ms)
✔ TRUSTED-LINKS: the sealed record refuses the gate and retains no link bytes (24.258792ms)
✔ TRUSTED-LINKS: the retired v1 authority cannot stand in for the refused artifact (1.168833ms)
✔ TRUSTED-LINKS: no caller input can declare a linked artifact safe (0.616834ms)
✔ TRUSTED-LINKS: an unlinked run is still fully observable after all of this (11.612833ms)
✔ TRUSTED-FIXTURE: the checked-in valid fixtures are what the builders produce (3.585833ms)
✔ TRUSTED-FIXTURE: every valid fixture satisfies ERL2-C-171 and governs its run (47.979625ms)
✔ TRUSTED-FIXTURE: the size-boundary fixture is bounded, and one byte more is not (16.08125ms)
✔ TRUSTED-PARSE: a count is the length of a structure, never a rendered numeral (0.639042ms)
✔ TRUSTED-PARSE: an authentic zero is read, and a claimed zero over records is not (0.140375ms)
✔ TRUSTED-PARSE: the grammar refuses every shape a minimized channel cannot produce (0.509708ms)
✔ TRUSTED-PARSE: mixed run markers are refused rather than partially counted (0.308292ms)
✔ TRUSTED-INVALID: every invalid shape is refused, and none falls back to v1 (21.997208ms)
✔ TRUSTED-AUTHORITY: the migration truth table, observed at the gate (1.573084ms)
✔ TRUSTED-AUTHORITY: an undeclared run is untouched by the migration (0.269083ms)
✔ TRUSTED-AUTHORITY: an authentic zero governs, and authorizes no positive claim (0.355084ms)
✔ TRUSTED-AUTHORITY: an absent v2 governs its own refusal rather than being ignored (0.16025ms)
✔ TRUSTED-HISTORY: v1 stays readable, and reading is not authorizing (6.287417ms)
✔ TRUSTED-HISTORY: no v1 record is auto-upgraded and no v2 field is synthesized (0.152084ms)
✔ TRUSTED-CONTRACT: an absent v2 cannot carry bytes, counts, a channel or a binding (0.44725ms)
✔ TRUSTED-CONTRACT: an observed v2 cannot omit its bytes, its channel or its binding (0.854083ms)
✔ TRUSTED-CONTRACT: the error code a refused declared run reaches is routable (0.049875ms)
✔ VALID-GATE: every valid golden the gate enumerates is accepted unsabotaged (833.658958ms)
✔ VALID-GATE: enumeration and the declared count agree with the shipped tree (1.336875ms)
✔ VALID-GATE-SABOTAGE: a mutated public bundle makes the gate reject the golden (656.794ms)
✔ VALID-GATE-SABOTAGE: an unaccounted retained extra makes the gate reject the golden (652.969459ms)
✔ VALID-GATE-SABOTAGE: a truncated lifecycle makes the gate reject the golden (603.812333ms)
✔ VALID-GATE: the live golden is byte-identical after every sabotage above (12.796209ms)
✔ §11.13 ENVELOPE: a well-formed envelope round-trips through the explicit-format parser (9.109083ms)
✔ §11.13 ENVELOPE: every malformation of the raw crypto container fails closed (4.854125ms)
✔ §11.13 BEACON-PROOF: the closed schemas accept the honest proofs and reject drift (7.230417ms)
✔ §11.14 SET-ARRAYS: a substrate lock with a duplicate config hash is refused (uniqueItems) (10.18975ms)
✔ §11.14 HARD-SAFETY: the gate primitive flags measured, threshold-failing hard-safety metrics (0.168042ms)
✔ ADAPTER-CERT: the SDK exports no Lab, judge or evaluator authority (0.716917ms)
✔ ADAPTER-CERT: the SDK imports no process, network or evaluation module (6.056333ms)
✔ DEP-GRAPH: the adapter host lives in core and core imports no adapter package (14.310833ms)
✔ ADAPTER-CERT: reference adapters use only the public SDK and contracts (3.867458ms)
✔ ADAPTER-CERT: the sabotage fixtures are outside the workspace package graph (6.086667ms)
✔ CORE-PURITY: no adapter contract, capability or control names a subject (0.717792ms)
✔ PACK-RUNTIME: no pack package imports a filesystem, network, process, clock or randomness API (4.092458ms)
✔ PACK-CONTRACT: the pack contract has no member that could carry code or authority (1.432125ms)
✔ PACK-AUTHORITY: the reserved generic metric ids are all Lab-defined (0.280125ms)
✔ DEEP-ANCESTRY: no generic or base contract schema references the deep plane (4.175083ms)
✔ DEEP-ANCESTRY: the generic evaluation index and base attestations have no deep member (0.471084ms)
✔ CORE-PURITY: the evaluation surface names no subject and no product scalar score (4.745666ms)
✔ WINDOW-INDEPENDENCE: the verifier never imports the producer's window construction (10.586666ms)
✔ WINDOW-INDEPENDENCE: the producer never imports the verifier's derivation (41.818542ms)
✔ WINDOW-INDEPENDENCE: both role tables declare the commitment, and agree (0.274916ms)
✔ WINDOW-INDEPENDENCE: the window signer is not one of the two clock-stamping roles (0.186458ms)
✔ LOCAL-ARCH: the coordinator delegates execution exclusively to AdapterHost (1.716084ms)
✔ LOCAL-ARCH: exactly one production module drives the adapter, and no second engine/store/supervisor exists (6.022584ms)
✔ LOCAL-ARCH: no product token, converter, local governed role or trusted-status vocabulary entered the implementation (5.93875ms)
✔ LOCAL-ARCH: governed V1 composition does not import local-observation coordination (3.721917ms)
✔ NC-DISCOVERY: every v2 control is reachable from canonical discovery (0.704167ms)
✔ NC-DISCOVERY: no v2 control is declared twice under two names (0.303125ms)
✔ NC-DISCOVERY: the second v2 harness is gone, not merely bypassed (0.121083ms)
✔ NC-DISCOVERY: every v2 control names a file and suites that exist (0.633375ms)
✔ NC-DISCOVERY: the boundaries closed by the reliability correction each have a control (0.248083ms)
✔ NC-DISCOVERY: the parser and verifier integrity boundaries each have a control (0.202875ms)
✔ NC-DISCOVERY: the boundaries closed by the Package A review each have a control (0.099375ms)
✔ NC-ARCH: the harness never applies a control with an unconstrained replace (7.53425ms)
✔ NC-ARCH: the campaign applies its patches only through the targeting module (3.116416ms)
✔ NC-ARCH: the targeting module is pure (1.020541ms)
✔ NC-ARCH: a control declaration carries everything a proof needs (0.922041ms)
# runtime node 26.4.0 (target: >= 22)
✔ NODE-VERSION: the runtime satisfies the declared engines floor (>= 22) (0.8535ms)
✔ DEP-GRAPH: every package manifest declares only its allowed dependencies (2.43675ms)
✔ DEP-GRAPH: no core source imports an adapter, pack or consumer integration (33.269292ms)
✔ CORE-PURITY: no core source, schema, generated type or bundle names a subject (105.456875ms)
✔ CORE-PURITY: the import scanner catches every import form, not just static double-quoted from (0.740375ms)
✔ CORE-PURITY: the seeded-fixture check exercises the real scanner over a file on disk (2.945458ms)
✔ CORE-PURITY: no contract identifier or schema version names a subject (1.54625ms)
✔ CORE-PURITY: CLI help and doctor output name no subject and no product exit code (70.460416ms)
✔ CORE-PURITY: the lockfile records no named-subject dependency (1.901917ms)
✔ ADAPTER-CERT: core, integrity, contracts and the verifier work with no adapter package present (3625.677125ms)
✔ ADAPTER-CERT: the isolated tree genuinely cannot resolve an adapter (negative control) (1006.172958ms)
✔ ADAPTER-CERT: the same core artifacts hash identically with and without adapters (2318.34675ms)
✔ SIGNER-INDEPENDENCE: the verifier never imports the producer's derivation (1.729708ms)
✔ SIGNER-INDEPENDENCE: the producer never imports the verifier's derivation (6.332042ms)
✔ SIGNER-INDEPENDENCE: the fixture scanner is a third implementation (6.056ms)
✔ SIGNER-INDEPENDENCE: the two role tables agree, schema for schema (0.63925ms)
✔ SIGNER-INDEPENDENCE: exactly two contracts are exempt from lifecycle reachability (0.150459ms)
✔ CONTRACT: AdapterProtocolNegotiationV1 accepts its valid fixture (8.126333ms)
✔ CONTRACT: AdapterProtocolNegotiationV1 fails closed on the generic negative family (0.706459ms)
✔ CONTRACT: AdapterProtocolNegotiationV1 rejects wrong protocol (0.098083ms)
✔ CONTRACT: AdapterProtocolNegotiationV1 rejects unknown operation (0.065792ms)
✔ CONTRACT: AdapterProtocolNegotiationV1 rejects unknown package kind (0.071417ms)
✔ CONTRACT: AdapterResponseEnvelopeV1 accepts its valid fixture (11.765041ms)
✔ CONTRACT: AdapterResponseEnvelopeV1 fails closed on the generic negative family (0.489083ms)
✔ CONTRACT: AdapterResponseEnvelopeV1 rejects supported with error (0.105541ms)
✔ CONTRACT: AdapterResponseEnvelopeV1 rejects failed without error (0.154917ms)
✔ CONTRACT: AdapterResponseEnvelopeV1 rejects supported with unsupported inputs (0.11225ms)
✔ CONTRACT: AdapterResponseEnvelopeV1 rejects lab attribution (0.106209ms)
✔ CONTRACT: AdapterCapabilityGrantV1 accepts its valid fixture (11.9465ms)
✔ CONTRACT: AdapterCapabilityGrantV1 fails closed on the generic negative family (3.497083ms)
✔ CONTRACT: AdapterCapabilityGrantV1 rejects broker claimed present (0.077458ms)
✔ CONTRACT: AdapterCapabilityGrantV1 rejects capability outside the enum (0.047292ms)
✔ CONTRACT: MutationIntentV1 accepts its valid fixture (6.5965ms)
✔ CONTRACT: MutationIntentV1 fails closed on the generic negative family (0.726083ms)
✔ CONTRACT: MutationIntentV1 rejects unknown mutation class (0.093709ms)
✔ CONTRACT: MutationIntentV1 rejects no compensation identity (0.071542ms)
✔ CONTRACT: MutationReceiptV1 accepts its valid fixture (4.852875ms)
✔ CONTRACT: MutationReceiptV1 fails closed on the generic negative family (0.467ms)
✔ CONTRACT: MutationReceiptV1 rejects failed without a code (0.504125ms)
✔ CONTRACT: MutationReceiptV1 rejects succeeded with a code (0.169083ms)
✔ CONTRACT: MutationReceiptV1 rejects malformed idempotency key (0.19125ms)
✔ CONTRACT: CompensationReceiptV1 accepts its valid fixture (3.587541ms)
✔ CONTRACT: CompensationReceiptV1 fails closed on the generic negative family (0.637ms)
✔ CONTRACT: CompensationReceiptV1 rejects failed without a reason (0.239792ms)
✔ CONTRACT: CompensationReceiptV1 rejects succeeded with a reason (0.152584ms)
✔ CONTRACT: CredentialHandleRequestV1 accepts its valid fixture (4.665958ms)
✔ CONTRACT: CredentialHandleRequestV1 fails closed on the generic negative family (0.550875ms)
✔ CONTRACT: CredentialHandleRequestV1 rejects ttl beyond the ceiling (0.108458ms)
✔ CONTRACT: CredentialHandleRequestV1 rejects no scopes (0.065ms)
✔ CONTRACT: CredentialHandleRequestV1 rejects plaintext secret field (0.081708ms)
✔ CONTRACT: CredentialHandleGrantV1 accepts its valid fixture (4.016333ms)
✔ CONTRACT: CredentialHandleGrantV1 fails closed on the generic negative family (0.422667ms)
✔ CONTRACT: CredentialUseReceiptV1 accepts its valid fixture (6.4025ms)
✔ CONTRACT: CredentialUseReceiptV1 fails closed on the generic negative family (0.553458ms)
✔ CONTRACT: CredentialUseReceiptV1 rejects denied without a code (0.102458ms)
✔ CONTRACT: CredentialUseReceiptV1 rejects allowed with a code (0.061042ms)
✔ CONTRACT: EgressAllowlistPolicyV1 accepts its valid fixture (4.201542ms)
✔ CONTRACT: EgressAllowlistPolicyV1 fails closed on the generic negative family (0.370208ms)
✔ CONTRACT: EgressAllowlistPolicyV1 rejects allow by default (0.044792ms)
✔ CONTRACT: EgressAllowlistPolicyV1 rejects metadata service permitted (0.038167ms)
✔ CONTRACT: EgressAllowlistPolicyV1 rejects redirects not revalidated (0.034833ms)
✔ CONTRACT: EgressAllowlistPolicyV1 rejects wildcard host (0.030875ms)
✔ CONTRACT: EgressDecisionReceiptV1 accepts its valid fixture (3.200666ms)
✔ CONTRACT: EgressDecisionReceiptV1 fails closed on the generic negative family (0.317667ms)
✔ CONTRACT: EgressDecisionReceiptV1 rejects denied without a code (0.041791ms)
✔ CONTRACT: SandboxInvocationManifestV1 accepts its valid fixture (11.810542ms)
✔ CONTRACT: SandboxInvocationManifestV1 fails closed on the generic negative family (2.212959ms)
✔ CONTRACT: SandboxInvocationManifestV1 rejects writable mount (0.097292ms)
✔ CONTRACT: SandboxInvocationManifestV1 rejects unsupported control with no reason (0.053458ms)
✔ CONTRACT: SandboxInvocationManifestV1 rejects enforced control with a reason (0.046209ms)
✔ CONTRACT: SandboxInvocationManifestV1 rejects forbidden mount purpose (0.040708ms)
✔ CONTRACT: SandboxInvocationResultV1 accepts its valid fixture (6.070375ms)
✔ CONTRACT: SandboxInvocationResultV1 fails closed on the generic negative family (0.644583ms)
✔ CONTRACT: SandboxInvocationResultV1 rejects refused without a code (0.128209ms)
✔ CONTRACT: SubjectDiagnosticsManifestV1 accepts its valid fixture (6.305541ms)
✔ CONTRACT: SubjectDiagnosticsManifestV1 fails closed on the generic negative family (0.376167ms)
✔ CONTRACT: SubjectDiagnosticsManifestV1 rejects truncated without a reason (0.055042ms)
✔ CONTRACT: SubjectDiagnosticsManifestV1 rejects untruncated with a reason (0.046333ms)
✔ CONTRACT: ResidueReportV1 accepts its valid fixture (3.771834ms)
✔ CONTRACT: ResidueReportV1 fails closed on the generic negative family (0.291792ms)
✔ CONTRACT: AdapterFailureReportV1 accepts its valid fixture (7.516209ms)
✔ CONTRACT: AdapterFailureReportV1 fails closed on the generic negative family (0.795916ms)
✔ CONTRACT: AdapterFailureReportV1 rejects subject attribution (0.085875ms)
✔ CONTRACT: AdapterFailureReportV1 rejects subject ownership (0.04825ms)
✔ CONTRACT: SubjectAdapterCertificationReceiptV1 accepts its valid fixture (7.768708ms)
✔ CONTRACT: SubjectAdapterCertificationReceiptV1 fails closed on the generic negative family (0.524875ms)
✔ CONTRACT: SubjectAdapterCertificationReceiptV1 rejects self-certified (0.051583ms)
✔ CONTRACT: SubjectAdapterCertificationReceiptV1 rejects certified with refusals (0.050083ms)
✔ CONTRACT: SubjectAdapterCertificationReceiptV1 rejects refused with no refusal (0.039958ms)
✔ CONTRACT: SubjectAdapterCertificationReceiptV1 rejects unknown suite (0.035208ms)
✔ CONTRACT: the adapter operation and package-kind enums are closed and shared (0.150875ms)
✔ REQUEST-ANCESTRY: the three phase requests stay structurally disjoint (9.971125ms)
✔ CONTRACT: every registered contract compiles (861.060541ms)
✔ CONTRACT: contract ids and names are unique (0.2655ms)
✔ CONTRACT: unknown fields fail closed (2.676084ms)
✔ REQUEST-ANCESTRY: an acquisition request cannot carry a later-phase ancestor (0.351959ms)
✔ BLIND-JOURNEY-FAMILY: a held-out request may not carry exact journey commitments (1.313333ms)
✔ EMERGENCY-ACTION-EVIDENCE: unreceipted attempts and receipted skips are rejected (0.654834ms)
✔ CONTRACT: duplicate JSON keys are rejected before validation (1.422208ms)
✔ CONTRACT: duplicate JSON keys whose decoded names collide are rejected (§11.1) (0.535542ms)
✔ CONTRACT: non-safe integers and non-NFC strings are rejected (3.981292ms)
✔ CONTRACT: an unknown contract name is a fail-closed refusal (0.807834ms)
✔ ENV-GOLDEN: the pinned environment terminal verifies offline as a valid environment variant (1.518333ms)
✔ ENV-GOLDEN: the closure requires every environment role, and the finalizer's three (0.184916ms)
✔ ENV-GOLDEN: the walk runs in the design's order and ends at generic_finalized (0.137083ms)
✔ ENV-GOLDEN: a verifier without the pinned beacon is refused, fail-closed (0.079334ms)
✔ WINDOW-CONTRACT: the registry declares the contract, uniquely (1.065583ms)
✔ WINDOW-CONTRACT: a well-formed commitment validates (8.282167ms)
✔ WINDOW-CONTRACT: every required field is required (3.526542ms)
✔ WINDOW-CONTRACT: an extra field fails closed (1.476542ms)
✔ WINDOW-CONTRACT: the durations are whole seconds, bounded, and integral (1.521291ms)
✔ WINDOW-CONTRACT: the rule fields are pinned, so old bytes cannot be reinterpreted (0.404125ms)
✔ WINDOW-CONTRACT: identity and authority fields are shape-checked (0.808291ms)
✔ FINDING-UNION: every branch validates, and each carries its literal owner (37.836083ms)
✔ FINDING-CROSSOVER: infrastructure failure can never become a subject defect (1.203ms)
✔ FINDING-CROSSOVER: a non-subject branch cannot claim proven attribution or a scoreable plane (0.6345ms)
✔ FINDING-CROSSOVER: a subject finding cannot carry a Lab or adapter category (3.04125ms)
✔ ATTRIBUTION: a subject finding cannot be built when a prerequisite is missing (0.249375ms)
✔ UNSUPPORTED-RETENTION: unsupported is retained, never scored and never Lab invalidity (0.669125ms)
✔ INVALID-RUN: an invalid run retains measurements but attests no subject defect (0.802333ms)
✔ DEEP-BOUNDARY: generic evaluation cannot mark a finding scoreable on the deep plane (0.130958ms)
✔ INCONCLUSIVE: an inconclusive finding must name what was missing (0.110292ms)
✔ REGISTRY-EXTERNAL: a registry with no external manifest is unchanged, byte for byte (10268.746584ms)
✔ REGISTRY-EXTERNAL: an external manifest is admitted, and adds exactly one entry (3172.280208ms)
✔ REGISTRY-EXTERNAL: several external manifests are each admitted under their own id (1792.376959ms)
✔ REGISTRY-EXTERNAL: a duplicate adapter id is refused, not merged (22.638042ms)
✔ REGISTRY-EXTERNAL: two identities over the same bytes are refused (25.495333ms)
✔ REGISTRY-EXTERNAL: an id that collides with a built-in adapter is refused (82.866791ms)
✔ REGISTRY-EXTERNAL: the contract itself refuses a malformed adapter id (1.154958ms)
✔ REGISTRY-EXTERNAL: a hand-built manifest cannot smuggle a path into a registry entry name (22.226ms)
✔ LEDGER: every P0 requirement has an owner, package, test family and status (1.109584ms)
✔ LEDGER: ERL2-AC-001 through ERL2-AC-043 are all present with evidence (0.321584ms)
✔ LEDGER: every open question declares an enforced fail-closed state (0.159792ms)
✔ LEDGER: ADRs 001-006 and 011 are accepted before their contracts freeze (0.19275ms)
✔ LEDGER: every normative conflict names an accepted resolution ADR (0.156834ms)
✔ LEDGER: the ledger tracks the design revision it was generated against (1.850667ms)
✔ LEDGER: ADR-ERL2-013 is accepted and the lifecycle-transition review is recorded (0.59375ms)
✔ LOCAL-CONTRACTS: exactly ERL2-C-161 through ERL2-C-170 are registered (1.044167ms)
✔ LOCAL-CONTRACTS: all ten approved objects validate and reject unknown fields (94.446042ms)
✔ LOCAL-PAYLOADS: all thirteen operation payloads are closed and correlated (8.016792ms)
✔ LOCAL-CLOSURE: governed fields, claim changes, signatures and trusted status words are unrepresentable (24.082916ms)
✔ LOCAL-ANCESTRY: first and later predecessor rules fail closed (3.479292ms)
✔ LOCAL-LIMITS: every numeric, root and environment boundary is contract-enforced (5.7485ms)
✔ SIGNER-FIXTURE: valid-pre-environment-run contains every applicable signed member it claims (22.425708ms)
✔ SIGNER-FIXTURE: valid-pre-environment-run reaches every inventoried member it is required to (0.762167ms)
✔ SIGNER-FIXTURE: valid-pre-environment-run binds its inventory into the attestation and the bundle (0.60225ms)
✔ SIGNER-FIXTURE: generic-finalization-failed-verification contains every applicable signed member it claims (17.380334ms)
✔ SIGNER-FIXTURE: generic-finalization-failed-verification reaches every inventoried member it is required to (0.304792ms)
✔ SIGNER-FIXTURE: generic-finalization-failed-verification binds its inventory into the attestation and the bundle (0.352417ms)
✔ SIGNER-FIXTURE: generic-finalization-unsupported-verification contains every applicable signed member it claims (32.664584ms)
✔ SIGNER-FIXTURE: generic-finalization-unsupported-verification reaches every inventoried member it is required to (1.463333ms)
✔ SIGNER-FIXTURE: generic-finalization-unsupported-verification binds its inventory into the attestation and the bundle (1.049209ms)
✔ SIGNER-FIXTURE: no invalid golden retains a signer inventory (22.493375ms)
✔ SIGNER-FIXTURE: the fixture builder no longer hand-writes an inventory (0.392291ms)
✔ ADAPTER-CERT: acquisition through the correct reference adapter reaches a verified package (12847.114542ms)
✔ UNSUPPORTED-HONESTY: the limited reference adapter reaches a retained unsupported terminal (5926.63875ms)
✔ FAILURE-FIXTURES: a hostile adapter yields an adapter exit, never a subject defect (3665.611208ms)
✔ ADAPTER-CERT: a run cannot substitute a different adapter after preregistration (3285.679125ms)
✔ ADAPTER-CERT: the fake-port scripting flags cannot steer a real adapter (2621.449292ms)
✔ JOURNEY-ORACLE-CANARY: no judge canary reaches an adapter-visible byte (5866.763958ms)
✔ CANCELLATION: a mid-flight run cancels to exactly one invalid record with no finding (10016.560208ms)
✔ CANCELLATION: cancelling an already-terminal run is refused (4331.153583ms)
✔ CHALLENGE-PREREG: the admitted family is frozen and the run reaches challenge_preregistered (12516.200667ms)
✔ CHALLENGE-PREREG: the mirrored policies are the admitted bytes, policy_author-signed (5886.245542ms)
✔ CHALLENGE-PREREG-NO-WRITE: every refused preregistration adds zero retained evidence (6250.747417ms)
✔ CHALLENGE-PREREG: a second preregistration is refused and writes nothing (6203.534833ms)
✔ COMPOSE-E2E-GATE: the live substrate precondition is explicit (0.590292ms)
✔ COMPOSE-E2E: a run reaches an offline-valid terminal through a real Compose substrate (99301.558583ms)
✔ COMPOSE-E2E: a run may not substitute its driver after it has bound one (35984.326417ms)
✔ CRASH-STEP: a subject step crashed at before_intent_freeze is never invoked twice (18814.559125ms)
✔ CRASH-STEP: a subject step crashed at after_intent_freeze is never invoked twice (11823.491375ms)
✔ CRASH-STEP: a subject step crashed at before_external_dispatch is never invoked twice (11378.361917ms)
✔ CRASH-STEP: a subject step crashed at after_external_dispatch is never invoked twice (12795.972292ms)
✔ CRASH-STEP: a subject step crashed at before_receipt_freeze is never invoked twice (13116.284292ms)
✔ CRASH-STEP: a subject step crashed at after_receipt_freeze is never invoked twice (11944.272084ms)
✔ CRASH-STEP: a subject step crashed at before_lifecycle_append is never invoked twice (19256.185541ms)
✔ CRASH-STEP: a subject step crashed at after_lifecycle_append is never invoked twice (13513.78225ms)
✔ CRASH-STEP: a step whose lifecycle append landed is not re-dispatched, and the walk continues (36817.362167ms)
✔ CRASH-ACTIVATE: activation crashed at before_intent_freeze applies exactly one logical mutation (17828.111042ms)
✔ CRASH-ACTIVATE: activation crashed at after_intent_freeze applies exactly one logical mutation (20633.781875ms)
✔ CRASH-ACTIVATE: activation crashed at before_external_dispatch applies exactly one logical mutation (20418.380542ms)
✔ CRASH-ACTIVATE: activation crashed at after_external_dispatch applies exactly one logical mutation (18872.539542ms)
✔ CRASH-ACTIVATE: activation crashed at before_receipt_freeze applies exactly one logical mutation (18842.469375ms)
✔ CRASH-ACTIVATE: activation crashed at after_receipt_freeze applies exactly one logical mutation (19761.09325ms)
✔ CRASH-ACTIVATE: activation crashed at before_lifecycle_append applies exactly one logical mutation (19188.507709ms)
✔ CRASH-ACTIVATE: activation crashed at after_lifecycle_append applies exactly one logical mutation (18870.632041ms)
✔ CRASH-ACTIVATE: a reconstructed activation receipt is byte-stable, and the run still finalizes (39026.963208ms)
✔ CRASH-SEAM: the crash and invocation-log flags are refused on the release surface (8232.663ms)
✔ CRASH-SEAM: an unknown boundary is refused rather than silently ignored (8535.570959ms)
✔ CRASH-FREEZE: a markerless artifact (crash between link and marker) re-freezes to completion (68.702375ms)
✔ CRASH-FREEZE: a corrupt/partial marker re-freezes to completion when the bytes match (41.079459ms)
✔ CRASH-SNAPSHOT: a torn derived snapshot does not crash status; state is rebuilt from events (10321.103042ms)
✔ CRASH-SNAPSHOT: a missing snapshot does not crash status (3556.249375ms)
✔ CRASH-SNAPSHOT: a torn snapshot does not block a mutating command (events are authoritative) (4442.887833ms)
✔ CRASH-ORDER: an out-of-order command is a typed refusal, not a wedge (3189.941084ms)
✔ CRASH-ORDER: an out-of-order run can still always reach a terminal via cancel (3822.422667ms)
✔ ENV-CANCEL: cancellation before provisioning stays pre-environment (15689.896125ms)
✔ ENV-CANCEL: a live environment never receives a `not_required` cleanup (16251.32075ms)
✔ ENV-CANCEL: cancellation during journey execution enumerates its frontier (24120.17225ms)
✔ ENV-CANCEL: cancellation after restoration begins takes the emergency route (36462.632459ms)
✔ ENV-CANCEL: cancellation during partial provisioning enumerates what was created (9456.266416ms)
✔ ENV-CANCEL: replaying a completed cancellation writes nothing and returns the same record (12205.206ms)
✔ ENV-CANCEL: cancellation after a valid terminal is refused (37847.398541ms)
✔ ENV-CANCEL: reservations are held until cleanup is proven, then released (10456.792709ms)
✔ ENV-CANCEL: the substrate is actually cleaned up, not merely declared clean (11039.761042ms)
✔ EB-MOUNT: a canary in the mounted file's bytes refuses before the adapter is dispatched (18721.261292ms)
✔ EB-MOUNT: the run cannot step past a refused mount by retrying it (19960.401709ms)
✔ EB-MOUNT: a clean run publishes its mounts and the canonical entries are real files (20170.585417ms)
✔ EB-TELEMETRY: a canary in the telemetry bytes refuses before the telemetry is retained (19224.7565ms)
✔ EB-TELEMETRY: a refused capture cannot be stepped past by retrying observe (19808.885917ms)
✔ EB-TELEMETRY: the run still reaches exactly one invalid terminal that verifies offline (22402.054334ms)
✔ EB-OUTPUT: a secret canary in the subject's output bytes refuses before the freeze (29214.497333ms)
✔ EB-OUTPUT: a forbidden identifier in the subject's output bytes refuses before the freeze (29605.022041ms)
✔ EB-OUTPUT: a judge canary still refuses under its own rule, not the new one (26657.11425ms)
✔ EB-OUTPUT: clean binary output freezes and the run finalizes (36420.971083ms)
✔ EB-SIZE: one byte over the declared ceiling refuses before the manifest freezes (30656.089167ms)
✔ EB-SIZE: exactly at the declared ceiling is admitted (30484.3255ms)
✔ ENV-TELEM-TERMINAL: a telemetry-applicable run whose channel produced nothing reaches an INVALID terminal (39080.617208ms)
✔ ENV-TELEM-TERMINAL: a telemetry-applicable run with a valid C-171 passes both gates (21062.541333ms)
✔ ENV-TELEM-TERMINAL: a failed exercise carrying functional truth is refused at reveal (16808.816542ms)
✔ ENV-TELEM-TERMINAL: an exercise that throws freezes no outcome and cannot reach a terminal (14211.763333ms)
✔ ENV-INVALID: a restoration failure enters emergency cleanup and freezes one invalid record (41164.656709ms)
✔ ENV-INVALID: every independently safe emergency action is attempted and receipted (32588.450833ms)
✔ ENV-INVALID: a teardown failure takes the same authorized route (35452.290166ms)
✔ ENV-INVALID: a contaminated baseline is Lab-owned and never a subject defect (9870.314708ms)
✔ ENV-INVALID: no attestation or public bundle descends from an invalid record (31345.624667ms)
✔ ENV-INVALID: the run's substrate reservations are released (32263.901666ms)
✔ ENV-INVALID: --fake-driver-fault is unreachable without the development profile (8234.290792ms)
✔ ENV-INVALID: the invalid record verifies offline through the shipped verifier (33677.875834ms)
✔ ENV-CLI: a run advances from case_selected to a finalized environment terminal (47021.438083ms)
✔ ENV-VERIFY: the environment public bundle verifies offline, as an external reader (37904.712458ms)
✔ ENV-VERIFY: a verifier without the pinned beacon cannot authorize the selection chain (35759.550125ms)
✔ ENV-CLI: the environment is really torn down and the reservations released (36269.526708ms)
✔ ENV-CLI: the plan executes exactly the persona the selection opened (10081.513875ms)
✔ ENV-CLI: an unsupported step is a retained outcome, never a removed case (37883.378291ms)
✔ ENV-CLI-CRASH: every phase boundary resumes from retained evidence (360845.314708ms)
✔ ENV-CLI: replaying a finished run adds nothing, whether the phase is idempotent or refused (24369.516458ms)
✔ ENV-NO-WRITE: every refused environment command adds zero retained evidence (21537.977042ms)
✔ ENV-ORDER: a named step command may not reorder the committed journey (4622.418917ms)
✔ ENV-SUBSTRATE: the driver's substrate lives outside the run root (3849.111667ms)
✔ ENV-ORACLE: a canary in the subject's output bytes invalidates the run before it freezes (12764.356708ms)
✔ EXPECTED-REFUSALS: every recorded refusal is a known, stable, authority-scoped refusal (1.033167ms)
✔ EXPECTED-REFUSALS: the run also records the successful terminals it must (0.150709ms)
✔ EXTERNAL-SUBJECT-GATE: the external subject precondition is explicit (0.781375ms)
﹣ EXTERNAL-SUBJECT-E2E: an externally authored subject reaches an offline-valid terminal (0.091625ms) # EXTERNAL SUBJECT UNPROVEN: no external adapter entry was supplied
﹣ EXTERNAL-SUBJECT-CANCEL: the supported cancellation path leaves zero residue (0.052083ms) # EXTERNAL SUBJECT UNPROVEN: no external adapter entry was supplied
✔ GENERIC-FINALIZATION: a failed package verification reaches a valid terminal whose bundle verifies offline (15805.029375ms)
✔ UNSUPPORTED-RETENTION: an unsupported verification finalizes as valid and stays unsupported (7402.189708ms)
✔ RESULT-JOIN: cleanup cannot start before the journey and domain results join (4527.348416ms)
✔ REVEAL-ORDER: no judge expectation opens before the subject output freezes (3435.789459ms)
✔ JOURNEY-CAPTURE: a successful package verification continues to challenge preregistration (11865.47525ms)
✔ EARLY-TERMINAL-CLOSURE: a failed package verification reaches frozen subject output (4119.138292ms)
✔ EARLY-TERMINAL-CLOSURE: an unsupported package verification also reaches the terminal (4988.8475ms)
✔ JOURNEY-ORACLE-CANARY: no judge canary reaches any subject-visible byte (4960.231125ms)
✔ REQUEST-ANCESTRY: the ordered journey refuses a skipped stage (2785.4485ms)
✔ CRASH-MATRIX: the run resumes across process boundaries from its frozen events (4751.104209ms)
✔ ERL2-OQ-007 fail-closed: a held-out or blind tier is refused at the CLI (3014.141375ms)
✔ ADMISSION: an unadmitted artifact hash is refused (2478.536ms)
✔ EARLY-TERMINAL-CLOSURE: a failed acquisition freezes one invalid record that verifies offline (4196.6805ms)
✔ §11.8: the release surface refuses the fake-subject scripting flags (3042.586083ms)
✔ INTENT-CRASH: no external mutation happens without a durable intent (13853.874833ms)
✔ INTENT-CRASH: a restart reconciles before it retries, and does not re-dispatch (8077.428584ms)
✔ INTENT-CRASH: a crash before the intent freeze leaves no external effect (7374.479917ms)
✔ INTENT-CRASH: the same operation id cannot carry different bytes (8641.988542ms)
✔ INTENT-CRASH: a subject step is not blindly repeated after an ambiguous crash (9211.462541ms)
✔ INTENT-CRASH: a crash between the receipt and the lifecycle append is idempotent on resume (13132.310875ms)
✔ INTENT-CRASH: terminal closure stays reachable after a reconciled crash (36739.934292ms)
✔ NOOP-LIFECYCLE: fake valid pre-environment run verifies offline (1591.740625ms)
✔ INVALID-TERMINAL: cancellation freezes one invalid record and no bundle (503.906459ms)
✔ INVALID-REASON-PHASE: classified lab failure retains its primary finding (416.138333ms)
✔ VERIFY-RECORD: a public bundle is refused by verify-record (1385.328542ms)
✔ EMERGENCY-CLEANUP: restoration failure reaches the invalid record only through receipt-backed emergency cleanup (951.795042ms)
✔ EMERGENCY-CLEANUP: bypassing emergency cleanup after a restoration failure is refused (1233.760583ms)
✔ REPLAY: replaying acquire on a healthy run is an idempotent no-op (10867.333208ms)
✔ POST-REVEAL: a stray subject command on a finalized run adds no external evidence (P2-5) (8484.104209ms)
✔ REPLAY: a crash between the record freeze and its outcome event auto-resumes (deterministic timestamps) (4291.412292ms)
✔ REPLAY: a second replay after continuing is still idempotent (4601.102541ms)
✔ SELECT-CLI: an uninterrupted select reaches the selected case (14015.331792ms)
✔ SELECT-CLI-CRASH: crashing at every boundary still completes, with one randomness observation (101807.725917ms)
✔ SELECT-CLI: a completed select is idempotent and adds nothing (3898.652834ms)
✔ SELECT-CLI: the selection request binds the run's own retained artifacts (3692.184916ms)
✔ SELECT-NO-WRITE: every refused select adds zero retained evidence (6950.278208ms)
✔ SELECT-NO-WRITE: select before challenge preregistration is refused and writes nothing (1715.278625ms)
✔ SELECT-NO-WRITE: tampered retained evidence is refused and writes nothing (3179.050166ms)
✔ SELECT-NO-WRITE: the beacon-window refusal is raised inside the walk and writes nothing (3841.271667ms)
✔ SELECT-BEACON: the development beacon refuses a second draw (0.707792ms)
✔ TYPED-REFUSAL: a missing --public-bundle is a catalogued refusal, not an ENOENT stack (373.898167ms)
✔ TYPED-REFUSAL: a malformed --public-bundle is a catalogued refusal, not a SyntaxError (748.482334ms)
✔ TYPED-REFUSAL: a malformed --root-config is a catalogued refusal (572.354ms)
✔ TYPED-REFUSAL: a malformed --lifecycle is a catalogued refusal (372.21925ms)
✔ TYPED-REFUSAL: a missing --record for verify-record is a catalogued refusal (455.658292ms)
✔ TYPED-REFUSAL: a malformed --record is a catalogued refusal (637.496ms)
✔ TYPED-REFUSAL: an unknown command and an unknown flag stay catalogued (727.706958ms)
✔ TYPED-REFUSAL: LAB_UNEXPECTED_FAILURE is catalogued and Lab-owned (0.659792ms)
✔ ADAPTER-CERT: the correct reference adapter certifies through the public protocol (2301.263875ms)
✔ ADAPTER-CERT: the limited reference adapter certifies, and its honesty is the reason (1933.69675ms)
✔ ADAPTER-CERT: an adapter cannot certify itself (1.114959ms)
✔ ADAPTER-CERT: an adapter requiring a privileged capability is refused (3.77825ms)
✔ ADAPTER-CERT: an adapter declaring an operation outside the closed enum is refused (399.068208ms)
✔ ADAPTER-CERT: the protocol-mismatch adapter is refused with ADAPTER_PROTOCOL_VERSION_MISMATCH (177.668333ms)
✔ ADAPTER-CERT: the identity-mismatch adapter is refused with ADAPTER_IDENTITY_MISMATCH (178.829667ms)
✔ ADAPTER-CERT: the crash-before-response adapter is refused with ADAPTER_PROCESS_CRASHED (167.152417ms)
✔ ADAPTER-CERT: the unknown-frame adapter is refused with ADAPTER_PROTOCOL_FRAME_INVALID (175.628416ms)
✔ ADAPTER-CERT: the false-attribution adapter is refused with ADAPTER_PROTOCOL_FRAME_INVALID (212.455083ms)
✔ ADAPTER-CERT: the malformed-response adapter is refused with ADAPTER_PROTOCOL_FRAME_INVALID (179.315708ms)
✔ ADAPTER-CERT: a missing adapter artifact refuses rather than certifying an absence (0.749959ms)
✔ MARKER-WRITE: a published marker is complete, valid, deterministic and private (17.26425ms)
✔ MARKER-WRITE: the final path is never the file being written to (12.536417ms)
✔ MARKER-WRITE: publishing over an existing marker replaces it in one step (13.629125ms)
✔ MARKER-WRITE: a failed publication removes its own temporary and nothing else (13.073792ms)
✔ MARKER-WRITE: a symlink at the final path is refused, not followed (16.575125ms)
✔ MARKER-READ: an absent marker is not ready, and waiting for it is bounded (114.524959ms)
✔ MARKER-READ: an empty file is never a marker (68.666584ms)
✔ MARKER-READ: the exact failed-gate failure is unreachable through the reader (44.876375ms)
✔ MARKER-READ: partial JSON is waited through while it is still changing (47.756666ms)
✔ MARKER-READ: stably malformed content fails closed instead of waiting out the deadline (12.476833ms)
✔ MARKER-READ: parseable is not enough — the marker must name this reader's writer (16.46975ms)
✔ MARKER-READ: an unsafe path and an unreadable one are refused, not polled (12.291125ms)
✔ MARKER-CONCURRENT: a sampling reader never observes the final path incomplete (2630.803542ms)
✔ MARKER-CONCURRENT: concurrent readers see no file or a whole marker, never a fragment (5676.467666ms)
✔ MARKER-CONCURRENT: the non-atomic shape is what the corrected writer removed (7.472ms)
✔ MARKER-RESIDUE: no publication path leaves a temporary behind (33.532792ms)
✔ CAMPAIGN-FIXTURE: the pin is read from the repository's committed provenance, not restated (2.346542ms)
✔ CAMPAIGN-FIXTURE: the extraction path is derived from the digest, never configured (3.948208ms)
✔ CAMPAIGN-FIXTURE: the extracted subset is exactly the qualifier's, and the release is not re-chosen (2.548416ms)
✔ CAMPAIGN-FIXTURE: the pinned archive provisions the declared paths (229.432416ms)
✔ CAMPAIGN-FIXTURE: an archive whose digest is wrong refuses before extraction (5.291417ms)
✔ CAMPAIGN-FIXTURE: a missing archive with no allowed fetch is unavailable, and fetches nothing (17.201125ms)
✔ CAMPAIGN-FIXTURE: an allowed fetch that yields unpinned bytes is still unavailable (18.78525ms)
✔ CAMPAIGN-FIXTURE: a complete extraction is reused rather than re-extracted (192.497375ms)
✔ CAMPAIGN-FIXTURE: an incomplete extraction is not trusted (355.191416ms)
✔ CAMPAIGN-FIXTURE: a canonical extraction is never copied — only verified archives are extracted (254.75075ms)
✔ CAMPAIGN-FIXTURE: provisioned state lives inside the worktree and dies with it (284.792834ms)
✔ CAMPAIGN-FIXTURE: the review's attack — a symlinked extraction root — is refused (211.642875ms)
✔ CAMPAIGN-FIXTURE: a symlink above the extraction root is refused, not removed (150.190875ms)
✔ CAMPAIGN-FIXTURE: a symlinked `compose.yaml` inside a marked extraction is refused (166.3065ms)
✔ CAMPAIGN-FIXTURE: a symlinked `.env` inside a marked extraction is refused (233.023458ms)
✔ CAMPAIGN-FIXTURE: a symlinked `src/otel-collector/otelcol-config.yml` inside a marked extraction is refused (230.476083ms)
✔ CAMPAIGN-FIXTURE: an arbitrary complete directory with no marker is not an extraction (52.496333ms)
✔ CAMPAIGN-FIXTURE: a marker whose bytes do not describe the files beside it is refused (243.340125ms)
✔ CAMPAIGN-FIXTURE: a perfectly self-consistent forged marker is still refused (37.2075ms)
✔ CAMPAIGN-FIXTURE: the pin reads its content digests from the tracked substrate lock (0.130292ms)
✔ CAMPAIGN-FIXTURE: a marker for a different archive is refused against the committed pin (184.405375ms)
✔ CAMPAIGN-FIXTURE: a marker that omits a required path is refused (122.450042ms)
✔ CAMPAIGN-FIXTURE: reuse recomputes rather than trusting the marker it just read (188.635958ms)
✔ CAMPAIGN-FIXTURE: the pinned archive's members are all relative, and the selected ones regular (78.049584ms)
✔ CAMPAIGN-FIXTURE: an archive member that escapes the extraction root is refused (0.900083ms)
✔ CAMPAIGN-FIXTURE: a real archive whose selected member is a symlink is refused (169.303333ms)
✔ CAMPAIGN-FIXTURE: containment resolution reports where a path leaves the root (34.701375ms)
✔ CAMPAIGN-FIXTURE: only declared controls request a prerequisite, and only known ones (0.456459ms)
✔ CAMPAIGN-FIXTURE: a prerequisite is satisfied once per campaign, not once per control (188.666791ms)
✔ CAMPAIGN-FIXTURE: an unknown prerequisite is unavailable rather than silently satisfied (0.139792ms)
✔ CAMPAIGN-FIXTURE: the container daemon is detected, never provisioned (0.228833ms)
✔ CUTOFF: the instant derives from the signed process start plus committed durations (17.438583ms)
✔ CUTOFF: exactly-at-cutoff event time is excluded and grace never widens it (0.889958ms)
✔ CUTOFF: clock divergence and exceeded bounds fail closed (0.981958ms)
✔ SOURCE-STATE: all five states are representable and constrained (12.126166ms)
✔ SOURCE-STATE: truncation must state its reason (0.186209ms)
✔ COMPARISON-MODE: replay is development-only and blind tiers are refused (5.401625ms)
✔ CANONICAL-EVIDENCE: the replay envelope is byte-identical across independent builds (5.251333ms)
✔ CANONICAL-EVIDENCE: independent live envelopes differ and byte equality is refused (9.453667ms)
✔ TRANSLATION: every entry is accounted for exactly once, unsupported included (5.968708ms)
✔ TRANSLATION: an omitted, duplicated or unknown entry is refused (0.843459ms)
✔ TRANSLATION: an adapter cannot present the canonical envelope as its translated tree (0.365042ms)
✔ CAPTURE: the observation freeze scans for canaries before retention (50.274667ms)
✔ FRONTIER-DERIVE: an empty frontier derives no action and authorizes nothing (7.727708ms)
✔ FRONTIER-DERIVE: one owned destroyable resource derives one safe action (0.541958ms)
✔ FRONTIER-DERIVE: many owned resources all derive safe actions, one each (0.363083ms)
✔ FRONTIER-DERIVE: the attempt order is deterministic and dependency-shaped (0.903542ms)
✔ FRONTIER-DERIVE: a shared resource is contained, with a reason and no action (0.157083ms)
✔ FRONTIER-DERIVE: a foreign resource is contained as not provably ours (0.222791ms)
✔ FRONTIER-DERIVE: a foreign resource makes no owned resource unsafe (0.33475ms)
✔ FRONTIER-DERIVE: a resource whose identity does not derive from its name is not ours (0.14275ms)
✔ FRONTIER-DERIVE: a resource the driver will not destroy is contained, not attempted (0.130708ms)
✔ FRONTIER-DERIVE: an edited action set no longer derives from its own resources (1.592458ms)
✔ RESIDUE-PROBE: everything authorized and gone is clean (0.491292ms)
✔ RESIDUE-PROBE: an unauthorized survivor is residue, not a failure of authorization (0.31825ms)
✔ RESIDUE-PROBE: a resource that vanished without authorization is the integrity failure (0.233833ms)
✔ RESIDUE-PROBE: an unauthorized destruction outranks leftover residue (0.291375ms)
✔ RESIDUE-PROBE: an unobservable substrate is a refusal, never a clean sheet (0.085834ms)
✔ RESIDUE-PROBE: an empty frontier that probes back empty is clean and still says so (8.682834ms)
✔ RESIDUE-PROBE: the frozen bytes do not depend on the driver's iteration order (1.161709ms)
✔ PHASE-GATE: every environment failure phase maps to exactly one distinct gate (0.117167ms)
✔ PHASE-GATE: a teardown failure does not name the restoration gate (0.174958ms)
✔ PHASE-GATE: a provisioning failure does not name a baseline gate it never evaluated (0.041167ms)
✔ PHASE-GATE: an unmapped phase is refused rather than defaulted (0.120083ms)
✔ COMPOSE-CONTRACT-GATE: an unproven live substrate is recorded, never assumed (1.127125ms)
✔ COMPOSE-CONTRACT: provision, probe, mutate, restore, destroy against a real daemon (23057.668042ms)
✔ COMPOSE-CONTRACT: destroyResource removes exactly one owned object (14591.369583ms)
✔ COMPOSE-CONTRACT: a driver bound to one run refuses to inspect another (544.905958ms)
✔ ADAPTER-CERT-V1 §5.5: the suite passes under the container profile (11956.754833ms)
✔ ADAPTER-CERT-V1 §5.5: an opaque or third-party subject is refused the profile it certified under (2.147416ms)
✔ ADAPTER-CERT-V1 §5.5: the profile claims exactly the controls the probes observed (0.169958ms)
✔ CUTOFF-DERIVE: a well-formed cutoff derives its warmup and observation windows (5.849417ms)
✔ CUTOFF-DERIVE: a run that realized no cutoff derives none rather than refusing (2.557125ms)
✔ CUTOFF-MUT: an observation bundle naming a nonexistent runtime milestone is refused (3.65475ms)
✔ CUTOFF-MUT: a decoy milestone of the right schema does not satisfy the cutoff's named hash (5.259084ms)
✔ CUTOFF-MUT: a cutoff naming a nonexistent process-start receipt is refused (4.087084ms)
✔ CUTOFF-MUT: a milestone bound to a different process-start receipt is refused (4.283042ms)
✔ CUTOFF-MUT: a milestone in a different monotonic clock domain is refused (4.622084ms)
✔ CUTOFF-MUT: a milestone from another run is refused (3.691625ms)
✔ CUTOFF-MUT: a milestone retained but never lifecycle-reached is refused (2.857334ms)
✔ CUTOFF-MUT: an observation window beyond the committed maximum is refused (8.611917ms)
✔ CUTOFF-MUT: an observation window below the committed minimum is refused (3.397334ms)
✔ CUTOFF-MUT: a warmup beyond the committed maximum is refused (7.44975ms)
✔ CUTOFF-MUT: a milestone occurring before the process it attests started is refused (8.137792ms)
✔ CUTOFF-MUT: wall and monotonic views that diverge beyond the bound are refused (11.004292ms)
✔ CUTOFF-MUT: a policy whose instant rule this verifier does not implement is refused (6.484292ms)
✔ CUTOFF-MUT: a cutoff outside the policy's own validity window is refused (4.238042ms)
✔ CUTOFF-MUT: an observation bundle belonging to another run is refused (5.474ms)
✔ CUTOFF-MUT: two retained observation bundles are refused rather than one being picked (7.476125ms)
✔ DURABLE-TELEMETRY: current-run spans are observed and attributed (3.266875ms)
✔ DURABLE-TELEMETRY: another run's spans never satisfy this run (7.138042ms)
✔ DURABLE-TELEMETRY: no trace data at all is reported as not emitted (4.273583ms)
✔ DURABLE-TELEMETRY: an unreadable capture claims nothing about telemetry (1.507709ms)
✔ DURABLE-TELEMETRY: traces received but observation unavailable stays distinct from none received (0.565166ms)
✔ DURABLE-TELEMETRY: a partial trailing write is read as a smaller observation, not a malformed one (1.658833ms)
✔ DURABLE-TELEMETRY: malformed output yields no count rather than a wrong one (1.6885ms)
✔ DURABLE-TELEMETRY: an unrepresentable span count is refused as a total (5.215083ms)
✔ DURABLE-TELEMETRY: an oversized capture is bounded from the end (5.63575ms)
✔ DURABLE-TELEMETRY: a flush that lands inside the deadline is observed (5.285792ms)
✔ DURABLE-TELEMETRY: no flush before the deadline is a bounded, named absence (4.293625ms)
✔ DURABLE-TELEMETRY: a previous project's capture never satisfies this run (1.414458ms)
✔ DURABLE-TELEMETRY: dispose removes the task-owned capture file (9.427292ms)
✔ DURABLE-TELEMETRY: rotation of the container log does not affect the durable observation (1.04ms)
✔ DURABLE-TELEMETRY: the capture directory is task-owned and holds only this run's stream (4.478459ms)
✔ DURABLE-TELEMETRY: a follower that cannot start is unavailable, not silent (6.408167ms)
✔ DURABLE-TELEMETRY: a follower that exits with an error is unavailable, not silent (6.530791ms)
✔ DURABLE-TELEMETRY: an attach that fails asynchronously is unavailable (0.587542ms)
✔ DURABLE-TELEMETRY: a stream failure mid-run is a truncated observation, not an absence (0.863542ms)
✔ DURABLE-TELEMETRY: an attached follower that sees nothing still reports not emitted (0.7835ms)
✔ DURABLE-TELEMETRY: a follower that dies after an empty read is unavailable, not silent (0.718833ms)
✔ DURABLE-TELEMETRY: an attached follower that sees this run's spans succeeds (1.085917ms)
✔ DURABLE-TELEMETRY: a follower that ends cleanly leaves a usable capture (8.202958ms)
✔ DURABLE-TELEMETRY: the follower we asked to stop is not reported as a failure (13.73425ms)
✔ DURABLE-TELEMETRY: cleanup removes the capture after every failure mode (19.783167ms)
✔ DURABLE-TELEMETRY: an earlier run's batch is not absorbed by a later run (0.379834ms)
✔ DURABLE-TELEMETRY: the block boundary is load-bearing in both directions (0.372583ms)
✔ DURABLE-TELEMETRY: this run's marker appearing later never rescues an earlier batch (0.200125ms)
✔ DURABLE-TELEMETRY: a non-trace summary ends a trace block without being counted (0.08625ms)
✔ DURABLE-TELEMETRY: a summary-only terminal block is incomplete, not empty (12.501292ms)
✔ DURABLE-TELEMETRY: a complete terminal block is not treated as truncated (5.140833ms)
✔ ARCHETYPE: provision, probe and destroy twice give identical baseline fingerprints (62.066417ms)
✔ ARCHETYPE: teardown leaves zero applicable residue, and residue is reported when it exists (2.298125ms)
✔ ARCHETYPE: clean-control contamination is detected and is Lab-owned (1.138209ms)
✔ ARCHETYPE: a failed baseline probe blocks the run before any subject executes (0.833833ms)
✔ ARCHETYPE: a different archetype fingerprint is refused as non-repeatable (2.118667ms)
✔ ARCHETYPE: environment admission is source-neutral (0.597542ms)
✔ ARCHETYPE: every mutation carries a compensation identifier and restoration clears it (1.089792ms)
✔ ARCHETYPE: restoration failure is a typed receipt, not an exception swallowed by the driver (0.895417ms)
✔ ARCHETYPE: a foreign resource cannot be mutated (3.45175ms)
✔ ARCHETYPE: resource identity must embed the run id (0.389708ms)
✔ ARCHETYPE: a resource from another run is rejected before cleanup touches it (0.195708ms)
✔ ARCHETYPE: wildcard and unscoped cleanup selectors are refused (0.160417ms)
✔ ARCHETYPE: partial provision still enumerates everything that was created (8.667167ms)
✔ ARCHETYPE: the frontier derives actions independently of the driver's claims (7.477625ms)
✔ ARCHETYPE: an unowned or shared resource becomes an unsafe contain action, never a destroy (0.302333ms)
✔ ARCHETYPE: two concurrent runs cannot reserve the same value (25.438209ms)
✔ ARCHETYPE: a stale lease from a crashed run is reclaimed, a live one is not (13.626709ms)
✔ ARCHETYPE: a run may not release another run's lease (14.893958ms)
✔ ERL2-OQ-005 fail-closed: an unqualified lock refuses (8.38275ms)
✔ ERL2-OQ-005 fail-closed: an unqualified lock yields a disabled Compose manifest (2.280292ms)
✔ ERL2-OQ-005: the shipped OTel lock is qualified, dev-signed and enables Compose (1.942084ms)
✔ ERL2-OQ-005: a lock missing a required platform digest does not qualify (0.516625ms)
✔ ERL2-OQ-005: a qualified lock enables Compose, and observed drift still invalidates (2.773208ms)
✔ ERL2-OQ-005 §11.5: an EXTRA observed image not pinned by the lock is drift (0.890541ms)
✔ ERL2-OQ-005 §11.5: a MISSING locked config that is not observed is drift (0.806125ms)
✔ ERL2-OQ-005 §11.5: a tampered substrate-lock signature is refused before drift (0.650583ms)
✔ WINDOW-SEAL: a well-formed window seals, and carries the exact durations (6.630417ms)
✔ WINDOW-SEAL: the cutoff is exactly process start plus warmup plus observation (0.604167ms)
✔ WINDOW-BOUNDS: a zero warmup is legal; a zero observation window is not (0.520209ms)
✔ WINDOW-BOUNDS: the policy's minimum and maximum are the edges, inclusive (0.766125ms)
✔ WINDOW-BOUNDS: one unit outside either edge refuses (0.462042ms)
✔ WINDOW-BOUNDS: a negative duration refuses (0.229875ms)
✔ WINDOW-BOUNDS: a fractional duration refuses (0.945542ms)
✔ WINDOW-BOUNDS: a sub-second window refuses, because its instant is not representable (0.460916ms)
✔ WINDOW-ARITH: exact integer addition refuses to overflow rather than losing precision (0.107ms)
✔ WINDOW-CLOCK: a window measured against another clock domain refuses (0.20425ms)
✔ WINDOW-RUN: a receipt from another run refuses before it is signed (0.312959ms)
✔ WINDOW-MILESTONE: the observed milestone must land exactly on the committed boundary (0.762166ms)
✔ WINDOW-MILESTONE: a milestone before the process it attests refuses (0.399583ms)
✔ WINDOW-MILESTONE: a zero-warmup window puts the milestone at the process start (0.429625ms)
✔ WINDOW-TZ: the arithmetic is on UTC instants, so offsets and DST are irrelevant (0.3865ms)
✔ WINDOW-TZ: an unparseable process start refuses rather than yielding NaN arithmetic (0.288458ms)
✔ PACK-CERTIFICATION: the shipped operations pack is data-only and certifies (9.884667ms)
✔ DISCRIMINATION: the correct reference subject makes only supported, reachable claims (629.337667ms)
✔ DISCRIMINATION: the misleading subject fails causal overclaim, citation reachability and authority (409.823542ms)
✔ DISCRIMINATION: the inconclusive subject abstains correctly and makes no causal overclaim (518.197375ms)
✔ DISCRIMINATION: the limited subject projects nothing and is inconclusive, not wrong (965.196834ms)
✔ EMPTY-SOURCE: an empty evidence source set never fabricates a functional score (495.708959ms)
✔ DOMAIN-NOT-APPLICABLE: missing functional evidence uses the not-applicable branch (5.224625ms)
✔ DETERMINISM: identical frozen inputs produce identical metric identities (1171.197875ms)
✔ SECRET-SAFETY: a credential canary inside a claim is a hard-safety violation (2.230667ms)
✔ REMOVABILITY: the new reference subjects are separate packages core never imports (4.672375ms)
✔ GOVERNED-PORT: a v2 local-observation host cannot enter the governed SubjectPort (85.217958ms)
✔ HOST-MODE-BINDING: the layer beneath the port refuses governed dispatch on its own (10.620375ms)
✔ GOVERNED-PORT: the refusal is deterministic across repeated attempts (11.443792ms)
✔ GOVERNED-PORT: the sentinel is real — a genuine local dispatch moves it (877.609958ms)
✔ GOVERNED-PORT: the local host still dispatches normally on its own path (416.904458ms)
✔ CANON: RFC 8785 key ordering, escaping and number rules (4.738834ms)
✔ CANON: core hashes exclude signatures and declared volatile fields (7.403625ms)
✔ CANON: an unknown closed contract cannot smuggle an unhashed authority field (§11.2) (0.44525ms)
✔ CANON: the single JCS path rejects non-NFC strings in keys and values (§11.3) (0.463334ms)
✔ DETERMINISM 6R-D: ageEncrypt is reproducible under an injected seed but random by default (9.958792ms)
✔ CANON: the separation-domain registry is closed (0.194458ms)
✔ CANON: tree hashes are order-independent and reject duplicate paths (0.258167ms)
✔ PATH: traversal, absolute paths, symlinks and specials are refused (8.727375ms)
✔ ARTIFACT: freeze is idempotent for identical bytes and refuses different bytes (32.552375ms)
✔ TAMPER: a mutated stored artifact fails reference verification (26.840167ms)
✔ CANON: hashes are lowercase sha-256 with the documented prefix (1.0975ms)
✔ ISOLATION-EVIDENCE: retained evidence, if any, re-derives to a qualified verdict (31.503792ms)
✔ ISOLATION-PROBE-AUTHENTICITY §10.1: the probe results are authenticated by a signed manifest (13.1695ms)
✔ ISOLATION-EVIDENCE: a qualified profile admits an opaque subject under that profile only (3.286ms)
✔ JOURNEY-CAPTURE: every intent supports every terminal outcome (8921.469ms)
✔ JOURNEY-CAPTURE: there is no privileged install or configure path (2727.526834ms)
✔ GRAPH-CLOSURE: the ordered step closure derives from lifecycle events (263.859083ms)
✔ GRAPH-CLOSURE: a planned occurrence with no frozen outcome is refused (161.537166ms)
✔ GRAPH-CLOSURE: a duplicated outcome is refused (158.443833ms)
✔ JOURNEY-CAPTURE: permitted next intents follow the design's journey order (0.66075ms)
✔ STATE-POST-REVEAL: the engine refuses to execute a step after a reveal (171.425ms)
✔ PREREQ-MATRIX: every canonical journey intent has exactly one row (1.838916ms)
✔ PREREQ-MATRIX: the pre-environment intents cannot run as environment steps (0.803833ms)
✔ PREREQ-MATRIX: post-capture intents require activation, the cutoff and the bundle (0.180208ms)
✔ PREREQ-MATRIX: setup intents do not require activation or the cutoff (0.107625ms)
✔ PREREQ-MATRIX: every environment intent accepts its own departure states (3.249875ms)
✔ PREREQ-MATRIX: every environment intent refuses every state it does not depart from (4.503167ms)
✔ PREREQ-MATRIX: withholding any single prerequisite refuses the intent that owes it (2.00525ms)
✔ PREREQ-MATRIX: this is P1-9 — a post-capture intent refuses in the pre-activation state (0.192125ms)
✔ PREREQ-MATRIX: no intent departs from a state where subject execution is forbidden (0.140875ms)
✔ PREREQ-MATRIX: the pre-reveal subject cleanup edge is recorded and not enabled (0.202666ms)
✔ NOOP-LIFECYCLE: illegal transitions are refused by the design's table (3.962375ms)
✔ NOOP-LIFECYCLE: every non-terminal state can reach the invalid terminal (0.31ms)
✔ NOOP-LIFECYCLE: same operation id with same bytes is idempotent, different bytes conflict (48.619292ms)
✔ NOOP-LIFECYCLE: the event chain verifies and rejects a fork (90.253417ms)
✔ STATE-POST-REVEAL: subject execution after a reveal is forbidden (0.160291ms)
✔ NOOP-LIFECYCLE: a run lease prevents a second mutator (8.678791ms)
✔ LOCAL-REDUCER: declared, dispatched and completed records are immutable and terminal replay is idempotent (1070.747375ms)
✔ LOCAL-REDUCER: the same operation id with different request bytes conflicts (2.774708ms)
✔ LOCAL-REDUCER: ambiguous effects are never replayed and force cleanup-only progress (9.206208ms)
✔ LOCAL-REDUCER: failed operations preserve typed failure and conservative cleanup (2.601625ms)
✔ LOCAL-REDUCER: output freeze irreversibly refuses subsequent subject operations (7.428541ms)
✔ LOCAL-REDUCER: every prerequisite edge is refused before dispatch (23.24825ms)
✔ LOCAL-SUCCESS: an operation can complete while the adapter reports it failed (1500.3875ms)
✔ LOCAL-SUCCESS: a failed stop does not discharge the obligation a successful start created (1325.839834ms)
✔ LOCAL-SUCCESS: the same stop reported supported does discharge it (1141.142375ms)
✔ LOCAL-SUCCESS: the two verdicts reduce to observably different evidence (2334.019083ms)
✔ LOCAL-RESIDUE: an explicitly clean report is the only route to observed_clean (1319.995ms)
✔ LOCAL-RESIDUE: fifty remaining artifacts reach the reducer as residue_detected (757.906583ms)
✔ LOCAL-RESIDUE: zero and fifty remaining artifacts are observably different evidence (1211.724292ms)
✔ LOCAL-RESIDUE: an adapter that cannot tell is not rounded to clean (462.709084ms)
✔ LOCAL-RESIDUE: a self-contradicting report is refused, never believed (335.888041ms)
✔ LOCAL-RESIDUE: a completed operation that is not a residue report never implies clean (488.794458ms)
✔ LOCAL-RESIDUE: the host refuses an unusable report at the protocol boundary (0.398375ms)
Preparing worktree (detached HEAD 80820ae)
✔ NC-TARGET: a unique match is applied and lands where the plan says (3.70425ms)
✔ NC-TARGET: zero matches refuses rather than reporting a result (0.422ms)
✔ NC-TARGET: two matches refuse, because the default expected count is exactly one (1.250459ms)
✔ NC-TARGET-REGRESSION: the intended occurrence is the second, and the old behaviour took the first (0.312917ms)
✔ NC-TARGET: an explicit expected count replaces every declared occurrence (0.124042ms)
✔ NC-TARGET: an expected count the source does not satisfy refuses in both directions (0.085375ms)
✔ NC-TARGET: an ambiguous anchor cannot disambiguate anything (0.074917ms)
✔ NC-TARGET: a postimage that reintroduces its own preimage is accounted, not refused (0.068625ms)
✔ NC-TARGET: an empty postimage deletes, and the preimage must be gone (0.083083ms)
✔ NC-TARGET: a postimage already present elsewhere refuses when uniqueness is declared (0.312333ms)
✔ NC-TARGET: a no-op patch is a malformed declaration (0.262208ms)
✔ NC-TARGET: an empty preimage names no target (0.314584ms)
✔ NC-TARGET: the bytes on disk are what the control must have proven (0.158834ms)
✔ NC-CLASSIFY: a named suite failing is a behavioural kill (1.869667ms)
✔ NC-CLASSIFY: a guard that kills nothing is a result, not an error (0.924834ms)
✔ NC-CLASSIFY: a failure outside the declared suites is not the control's kill (0.682916ms)
✔ NC-CLASSIFY: an unparseable run is a harness failure, never `nothing failed` (0.165875ms)
✔ NC-CLASSIFY: a build failure is not a load-bearing kill (0.0715ms)
✔ NC-DECLARE: a control that names no invariant, target or suite is refused (0.210083ms)
✔ NC-DECLARE: the shipped control table is well-formed (1.040125ms)
✔ NC-TREE: a source-tree digest mismatch refuses certification (0.419708ms)
✔ NC-RESTORE: a control's patch is restored from the object store, and the restoration is proven (725.506375ms)
✔ NC-RESTORE: SIGINT releases the worktree before exiting (787.666375ms)
✔ NC-RESTORE: SIGTERM releases the worktree before exiting (778.786917ms)
✔ NC-CASES: the reporter's failing-case names are parsed from a real `node --test` run (214.923917ms)
✔ NC-CASES: the intended named case failing is the control's kill (0.70375ms)
✔ NC-CASES: only an unrelated case in the same file failing is not an agreed kill (0.218958ms)
✔ NC-CASES: a declared case absent from the reporter output is not an agreed kill (0.087ms)
✔ NC-CASES: every declared case must fail, not merely one of them (0.180458ms)
✔ NC-CASES: a control that declares no cases keeps exactly its old behaviour (0.140833ms)
✔ NC-DECLARE: `mustFailCases` is rejected when it is empty, duplicated or malformed (0.149542ms)
✔ NC-DECLARE: the six Step 6B evidence-boundary controls each name their load-bearing case (1.158917ms)
✔ NC-TIMEOUT: a hanging stage is killed at the bound and reported as a timeout (411.944791ms)
✔ NC-TIMEOUT: a timeout is a harness error, never a kill and never an agreement (0.178542ms)
✔ NC-PROCIDENTITY: a running process matches the identity captured from it (18.156458ms)
✔ NC-PROCIDENTITY: an exited process and a pid ps refuses are both absent (14.103125ms)
✔ NC-PROCIDENTITY: the same pid with a different start is not the captured process (7.054291ms)
✔ NC-PROCIDENTITY: the same pid with a different command is not the captured process (9.665333ms)
✔ NC-PROCIDENTITY: malformed or empty ps output establishes no identity (0.171792ms)
✔ NC-PROCIDENTITY: a reused pid is not the captured process, and cleanup will not signal it (21.190667ms)
✔ NC-PROCTREE: a timed-out stage kills its grandchild, not only its direct child (1547.676167ms)
✔ NC-PROCTREE: a stage that completes normally still leaves no descendant and no temporary root (63.515083ms)
✔ NC-TIMEOUT: a stage that cannot be spawned is reported, not silently empty (10.126ms)
✔ NC-TIMEOUT: the stage bounds are distinct, positive and above the slowest observed suite (0.09175ms)
✔ NC-CAMPAIGN: every shipped control still targets exactly what it declares (113.182125ms)
✔ NC-CAMPAIGN: every control names a suite file that exists in the source tree (0.938ms)
✔ NC-SKIP: the reporter's skip lines are read, with their reasons (0.17175ms)
✔ NC-CLASSIFY-SKIP: the designated case really failed — a kill, and an agreement (0.331375ms)
✔ NC-CLASSIFY-SKIP: everything passed and nothing skipped — a real unexpected pass, still a disagreement (0.079625ms)
✔ NC-CLASSIFY-SKIP: the exact recorded defect: 28 pass, 0 fail, designated case skipped, prerequisite declared (0.119ms)
✔ NC-CLASSIFY-SKIP: the same run with no prerequisite declared stays fail-closed as a harness error (0.046459ms)
✔ NC-CLASSIFY-SKIP: a cancelled run is a crash, not a skip, even when something also skipped (0.036ms)
✔ NC-CLASSIFY-SKIP: a harness crash with no parseable summary is never `nothing failed` (0.034041ms)
✔ NC-CLASSIFY-SKIP: truncated output that lost its summary is a harness error, declared prerequisite or not (0.028417ms)
✔ NC-CLASSIFY-SKIP: an intended failure does not excuse two undeclared skips beside it (0.108416ms)
✔ NC-CLASSIFY-SKIP: one undeclared skip beside an intended failure is enough to fail closed (0.048167ms)
✔ NC-CLASSIFY-SKIP: a declared skip beside an intended failure is an agreement that still shows the skip (0.074666ms)
✔ NC-CLASSIFY-SKIP: a declaration whose reason no longer matches stops excusing the skip (0.042958ms)
✔ NC-CLASSIFY-SKIP: an expected-pass control with an unexpected skip is a harness error, not a clean pass (0.036291ms)
✔ NC-CLASSIFY-SKIP: a designated skip whose reason does not name what the prerequisite stands for (0.040125ms)
✔ NC-CLASSIFY-SKIP: impossible accounting: the counters do not sum to the total (0.048292ms)
✔ NC-CLASSIFY-SKIP: a negative counter is not a count (0.088459ms)
✔ NC-CLASSIFY-SKIP: a missing summary counter fails closed rather than defaulting to zero (0.121917ms)
✔ NC-CLASSIFY-SKIP: the same case reported as both failed and skipped is impossible, not a kill (0.105334ms)
✔ NC-CLASSIFY-SKIP: the reporter naming one failing case twice is impossible, not two kills (0.075375ms)
✔ NC-CLASSIFY-SKIP: truncated output with an otherwise valid tail is a harness error, not an annotated kill (0.066458ms)
✔ NC-CLASSIFY-SKIP: an abnormal exit is not hidden by a parseable tail (0.050417ms)
✔ NC-CLASSIFY-SKIP: a run whose exit status disagrees with its own counters is abnormal (0.058208ms)
✔ NC-CLASSIFY-SKIP: signal termination is a harness error even with a complete summary (0.167542ms)
✔ NC-CLASSIFY-SKIP: a stage stopped by its bound is a timeout, whatever its output says (0.079625ms)
✔ NC-CLASSIFY-SKIP: a stage whose process group outlived its kill is a harness error (0.030166ms)
✔ NC-CLASSIFY-SKIP: a stage that could not be spawned is a harness error (0.02975ms)
✔ NC-CLASSIFY-SKIP: container-deadline on a host with a daemon: both declared cases fail, agreement (0.049208ms)
✔ NC-CLASSIFY-SKIP: container-deadline on a host without one: the note's UNMEASURED HERE, now machine-said (0.194584ms)
✔ NC-CLASSIFY-SKIP: a prerequisite does not excuse a skip the control never designated (0.137833ms)
✔ NC-CLASSIFY-SKIP: a control that declared no kill and skipped nothing is unaffected (0.033666ms)
✔ NC-EXECUTION: classification without the stage's execution facts fails closed (0.378041ms)
✔ NC-EXECUTION: every result carries the counters it was read from (0.215583ms)
✔ NC-CLASSIFY-SKIP: a skipped designated case is never an agreement, under any declaration (0.29425ms)
✔ NC-CLASSIFY-SKIP: the unmeasured result carries why, so an operator need not reproduce it (0.275417ms)
✔ RUN-LEASE: a live lease held by another owner is a Lab-owned conflict (18.550208ms)
✔ RUN-LEASE: a stale lease is recoverable under the bounded TTL (12.679167ms)
✔ RUN-LEASE: reacquiring one's own lease is idempotent and release is owner-checked (4.773958ms)
✔ RUN-LEASE: a completed CLI command leaves no lease behind (8827.644375ms)
✔ RUN-LEASE: a mutating command is refused while a live foreign lease is present (3643.8935ms)
✔ RUN-LEASE: a lease whose holder is gone is reclaimed without waiting out the TTL (3456.335917ms)
✔ RUN-LEASE: a lease with no usable pid is still honoured on its TTL (3017.639875ms)
✔ SIGNER-DERIVE: an ordinary `signature` member is enumerated (3.431209ms)
✔ SIGNER-DERIVE: a `root_signature` member is enumerated — the omission every run had (0.415292ms)
✔ SIGNER-DERIVE: a `wrapper_signature` member is enumerated — the review's finding (0.472167ms)
✔ SIGNER-DERIVE: an unsigned retained artifact is not a member (0.223042ms)
✔ SIGNER-DERIVE: the public terminal types and the inventory itself are excluded, with reasons (3.512584ms)
✔ SIGNER-DERIVE: the environment branch excludes two public terminal types (0.310458ms)
✔ SIGNER-DERIVE: a signed contract with no declared producer role refuses (0.995958ms)
✔ SIGNER-DERIVE: an authority field the contract does not declare refuses (0.282625ms)
✔ SIGNER-DERIVE: two authority fields on one artifact refuse (0.252041ms)
✔ SIGNER-DERIVE: a signature over a different core hash refuses (0.334083ms)
✔ SIGNER-DERIVE: a malformed signature envelope refuses (0.3055ms)
✔ SIGNER-DERIVE: two retained files claiming one core hash refuse (0.192667ms)
✔ SIGNER-DERIVE: the applicable set is ordered by core hash, not by walk order (0.227709ms)
✔ SIGNER-DERIVE: an empty applicable set is not complete (0.099583ms)
✔ SIGNER-DERIVE: the projection carries the signer and the signed hash the artifact actually has (0.203375ms)
✔ SIGNER-DERIVE: the builder refuses an inventory the derivation could not certify (14.205583ms)
✔ SIGNER-DERIVE: a signed member that appears after the inventory is sealed is refused (0.51ms)
✔ TMP-OWN: a directory obtained here is tracked, and releasing it removes it now (3.835542ms)
✔ TMP-OWN: one process installs one listener, not one per directory (38.4565ms)
✔ TMP-SUPPORT: a test file using the support fixtures leaves no directory behind (8193.546125ms)
✔ TMP-SUPPORT: a real `node --test` file cleans up through the deterministic hook (8291.280417ms)
✔ TMP-CERT: a successful certification removes both of every host's roots (1880.154792ms)
✔ TMP-CERT: a refused certification removes them too (529.223667ms)
✔ TMP-CERT: a certification that throws removes them, and the throw is what the caller sees (239.553416ms)
✔ TMP-RUNROOT: the companion names still match the production defaults (2.707ms)
✔ TMP-RUNROOT: releasing a run root removes the whole ownership set (1.425916ms)
✔ TMP-RUNROOT: a real environment CLI run leaves no root and no companion (11878.390125ms)
✔ XPROC: a volume provisioned in one process is removed by another (1001.854125ms)
✔ XPROC: the previous defect's exact shape — no durable handle, no removal (1023.908709ms)
✔ XPROC: a repeated destroy in a third process is idempotent (1197.2545ms)
✔ XPROC: a wrong-run handle cannot delete another run's volume (1852.28325ms)
✔ XPROC: a volume carrying the right name and a foreign capability is not removed (1057.024875ms)
✔ XPROC: an unrelated volume beside the run's is never touched (897.591208ms)
✔ XPROC: a volume in use is reported as surviving, and removed once it is free (2648.466625ms)
✔ XPROC: a full provision-and-destroy leaves zero volume residue (874.697208ms)
✔ XPROC: the child program addresses a core build that exists (0.24175ms)
✔ TRUSTED-LOCAL-CHAIN: an eleven-operation neutral plan completes end to end (5885.592708ms)
✔ TRUSTED-LOCAL-CHAIN: operation two receives a valid compact predecessor (4815.756792ms)
✔ TRUSTED-LOCAL-CHAIN: the exact eleven-operation profile dispatches every operation (4931.719792ms)
✔ TRUSTED-LOCAL-CHAIN: operation one carrying a predecessor is refused (26.472041ms)
✔ TRUSTED-LOCAL-CHAIN: operation two without a predecessor is refused (454.628875ms)
✔ TRUSTED-LOCAL-CHAIN: an altered predecessor hash is refused (501.272834ms)
✔ TRUSTED-LOCAL-CHAIN: a predecessor from another run is refused (947.630375ms)
✔ TRUSTED-LOCAL-CHAIN: a predecessor from another plan is refused (914.123666ms)
✔ TRUSTED-LOCAL-CHAIN: a reordered operation is refused (413.051334ms)
✔ TRUSTED-LOCAL-CHAIN: an omitted operation is refused (773.17175ms)
✔ TRUSTED-LOCAL-CHAIN: a duplicated operation is idempotent, never a second dispatch (385.472666ms)
✔ TRUSTED-LOCAL-CHAIN: a failed operation stays failed and the cleanup suffix still runs (1236.987333ms)
✔ TRUSTED-LOCAL-CLI: command-specific help works and names the trust ceiling (248.672875ms)
✔ TRUSTED-LOCAL-CLI: neither command requests a governor hash or a certifier identity (189.271958ms)
✔ TRUSTED-LOCAL-CLI: the worked neutral example executes end to end in a fresh process (5911.432458ms)
✔ TRUSTED-LOCAL-CLI: the machine-readable summary is the whole story (5078.101709ms)
✔ TRUSTED-LOCAL-CLI: a refusal exits nonzero and names the missing input (176.312583ms)
✔ TRUSTED-LOCAL-CLI: a governed input is refused by name (16.891875ms)
✔ TRUSTED-LOCAL-CLI: a certification receipt flag is refused by name (23.310333ms)
✔ TRUSTED-LOCAL-CLI: a near-miss acknowledgement is refused, and the refusal shows the exact sentence (10.94ms)
✔ TRUSTED-LOCAL-CLI: the run creates nothing outside its own output root (4865.433917ms)
✔ TRUSTED-LOCAL-CLI: an existing record is never silently overwritten (4569.430958ms)
✔ TRUSTED-LOCAL-CLI: a symlinked adapter entry is refused rather than followed (2.180125ms)
✔ VALIDATION-EVIDENCE: a complete, consistent closure verifies (22.649583ms)
✔ VALIDATION-EVIDENCE: the manifest covers every retained file, in both directions (17.565583ms)
✔ VALIDATION-EVIDENCE: a single edited byte in a retained log fails the digest (16.69275ms)
✔ VALIDATION-EVIDENCE: a log a record names but does not retain is refused (15.414959ms)
✔ VALIDATION-EVIDENCE: a missing subdirectory is refused before anything is parsed (17.534833ms)
✔ VALIDATION-EVIDENCE: a gate record missing command, timestamps, exit status or totals is refused (0.193667ms)
✔ VALIDATION-EVIDENCE: a gate whose totals do not reconcile is refused (0.099417ms)
✔ VALIDATION-EVIDENCE: a gate that failed, was signalled or was truncated is refused (0.115875ms)
✔ VALIDATION-EVIDENCE: a gate that ran dirty, or left the tree changed, is refused (0.107084ms)
✔ VALIDATION-EVIDENCE: a record with no commit or tree is not bound to anything (0.202416ms)
✔ VALIDATION-EVIDENCE: accounting that does not reconcile is refused (0.091416ms)
✔ VALIDATION-EVIDENCE: a campaign missing a discovered control's result is refused (0.068208ms)
✔ VALIDATION-EVIDENCE: duplicate control ids are refused (0.057ms)
✔ VALIDATION-EVIDENCE: a row whose counters do not sum is impossible accounting (0.077917ms)
✔ VALIDATION-EVIDENCE: agreement may not coexist with an incomplete observation (0.217583ms)
✔ VALIDATION-EVIDENCE: a campaign that did not certify its tree or left residue is refused (0.0935ms)
✔ VALIDATION-EVIDENCE: a campaign whose per-control results are absent is refused (0.057792ms)
✔ VALIDATION-EVIDENCE: a gate and a campaign at different commits prove nothing together (25.473291ms)
✔ VALIDATION-EVIDENCE: evidence claiming a commit other than the expected one is refused (22.259625ms)
✔ VALIDATION-EVIDENCE: evidence a fresh clone would not carry is refused (218.748875ms)
✔ VALIDATION-EVIDENCE: the verifier's default directory is the one the closure commits to (1.593542ms)
ℹ tests 1605
ℹ suites 0
ℹ pass 1603
ℹ fail 0
ℹ cancelled 0
ℹ skipped 2
ℹ todo 0
ℹ duration_ms 1231598.211709
EXIT=0
